ensaio,particao,CA0_mol_L,razao_molar_eta,R2_MLP,RMSE_MLP,R2_Random Forest,RMSE_Random Forest,R2_SVR,RMSE_SVR,R2_XGBoost,RMSE_XGBoost
1,Treino,0.1,0.5,0.999544926045582,0.5553040312999656,-0.15911599288060785,28.025494567812153,0.10633964483253078,24.607986641724924,0.8479280732919575,10.151129320691181
2,Treino,0.1,3.1,0.9989302202350019,1.1381746841078344,0.5008274755995912,24.585954213526833,0.7130635501368439,18.640372741176623,0.5973475008448433,22.08141660753346
3,Treino,0.5,0.5,0.9997740137938552,0.43761107201011307,0.6307446840665778,17.689302716508536,0.23891189812029556,25.39596981709795,0.9194310476649188,8.262875214688725
4,Treino,1.0,0.5,0.9999911062624126,0.24560061330241004,0.8487141799354688,32.032173135896016,-0.006094797714030653,82.60507750211228,0.838524869852117,33.09330279036232
5,Treino,1.5,0.5,0.999998826000511,0.08921395863733358,0.932198656500694,21.439665554390274,-0.012061265412508071,82.83278401457291,0.9473362427815217,18.895342853322664
6,Treino,0.1,1.0,0.9999986056775081,0.1614780461390069,0.8583016003309787,51.4771319326289,0.030345777546393005,134.6605288782923,0.7837985279409476,63.58595416389533
7,Teste Cego,0.5,3.1,0.743606676261166,37.7320870850792,0.8824249075651646,25.551425627718746,0.5287381835413019,51.15505999978478,0.775927323401572,35.273773582901086
8,Teste Cego,0.5,1.0,0.8289648967330312,25.459166710552502,0.9496118866904697,13.818649660723633,0.38425859983325883,48.30596198678162,0.9800518345096905,8.69466871331669
9,Treino,1.0,1.0,0.9999975415972698,0.12979374477163833,0.994717603176583,6.016483908978971,0.06899384652578422,79.87364867287768,0.99733770960461,4.271249693710516
10,Treino,1.5,1.0,0.9994087455552123,3.789878044311921,0.8633831410878611,57.608978362333865,-0.002700482010559835,156.07151188207783,0.8608869467782536,58.13289709239814
11,Treino,0.1,1.5,0.9999335875777854,1.2536162472294554,0.7273124212852162,80.32904980184742,0.03344764883411355,151.23511564476556,0.7872738222380815,70.94967662385439
12,Treino,1.0,3.1,0.9963951362001892,3.3371763372938017,0.7611177008709817,27.166063423447977,0.9783631350498773,8.175830747933603,0.7427945238369378,28.188685912902976
13,Treino,0.5,1.5,0.9995140004885167,1.3937868939373483,0.9810416191032768,8.705206593790255,0.7649059365048647,30.65485677719395,0.9964912076328778,3.7450471936139684
14,Teste Cego,1.0,1.5,0.9711743621445769,9.793073488519632,0.9167666062085233,16.640959053567002,0.9692416325383159,10.116055210928621,0.6349692707472461,34.84931640127343
15,Treino,1.5,1.5,0.9998210679787338,0.8453625558631404,0.8592766906636798,23.707294428454176,0.7949718600211354,28.61578798233534,0.6818655866687278,35.64546616119164
16,Treino,1.5,3.1,0.9894583285246487,10.855748864168378,0.8798226090568737,36.653583000064366,0.36174823159950475,84.46972152811084,0.8038187444096383,46.831040156828884
