ensaio,razao_molar_eta,CA0_mol_L,X_exp_final,X_fab_final,erro_patamar_fab,R2_fab,RMSE_fab,X_novo_final,erro_patamar_novo,R2_novo,RMSE_novo
1,0.5,0.1,0.5,0.383,0.117,0.5767,0.1038,0.5014,0.0014,0.9967,0.0092
2,3.1,0.1,1.0,1.0,0.0,0.7676,0.1526,0.994,0.006,0.9998,0.0043
3,0.5,0.5,0.5,0.383,0.117,0.6096,0.1019,0.4999,0.0001,0.9972,0.0087
4,0.5,1.0,0.5,0.383,0.117,0.5625,0.1098,0.5068,0.0068,0.9873,0.0187
5,0.5,1.5,0.49,0.383,0.107,0.6481,0.0951,0.4867,0.0033,0.9973,0.0084
6,1.0,0.1,0.87,0.7657,0.1043,0.5317,0.1887,0.8731,0.0031,0.9986,0.0104
7,3.1,0.5,1.01,1.0,0.01,0.9919,0.0291,0.9992,0.0108,0.9997,0.0053
8,1.0,0.5,0.87,0.766,0.104,0.8827,0.0966,0.8624,0.0076,0.9982,0.0121
9,1.0,1.0,0.85,0.766,0.084,0.9288,0.0743,0.8476,0.0024,0.9995,0.0062
10,1.0,1.5,0.85,0.766,0.084,0.9418,0.0667,0.8405,0.0095,0.9996,0.0054
11,1.5,0.1,0.98,0.9948,0.0148,0.6209,0.1896,0.9813,0.0013,0.9959,0.0196
12,3.1,1.0,1.0,1.0,0.0,0.9983,0.0136,1.0,0.0,0.9996,0.0062
13,1.5,0.5,0.97,1.0,0.03,0.9753,0.0491,0.9539,0.0161,0.999,0.0098
14,1.5,1.0,0.97,1.0,0.03,0.9904,0.031,0.966,0.004,0.9991,0.0095
15,1.5,1.5,0.97,1.0,0.03,0.9798,0.0446,0.958,0.012,0.9994,0.0074
16,3.1,1.5,1.0,1.0,0.0,0.997,0.018,0.9874,0.0126,0.9987,0.0117
