ensaio,razao_molar_eta,CA0_mol_L,R2,RMSE,MAE,X_exp_final,X_fpm_final,erro_final_absoluto
1,0.5,0.1,0.5767,0.1038,0.0962,0.5,0.383,0.117
2,3.1,0.1,0.7676,0.1526,0.0862,1.0,1.0,0.0
3,0.5,0.5,0.6096,0.1019,0.0938,0.5,0.383,0.117
4,0.5,1.0,0.5625,0.1098,0.1011,0.5,0.383,0.117
5,0.5,1.5,0.6481,0.0951,0.0886,0.49,0.383,0.107
6,1.0,0.1,0.5317,0.1887,0.1585,0.87,0.7657,0.1043
7,3.1,0.5,0.9919,0.0291,0.0198,1.01,1.0,0.01
8,1.0,0.5,0.8827,0.0966,0.0885,0.87,0.766,0.104
9,1.0,1.0,0.9288,0.0743,0.0692,0.85,0.766,0.084
10,1.0,1.5,0.9418,0.0667,0.062,0.85,0.766,0.084
11,1.5,0.1,0.6209,0.1896,0.1269,0.98,0.9948,0.0148
12,3.1,1.0,0.9983,0.0136,0.008,1.0,1.0,0.0
13,1.5,0.5,0.9753,0.0491,0.0388,0.97,1.0,0.03
14,1.5,1.0,0.9904,0.031,0.0266,0.97,1.0,0.03
15,1.5,1.5,0.9798,0.0446,0.0409,0.97,1.0,0.03
16,3.1,1.5,0.997,0.018,0.0125,1.0,1.0,0.0
