ensaio,split,CA0_mol_L,eta,r2,rmse,mae,max_error
1,Treino,0.1,0.5,0.10633964483253078,24.607986641724924,3.4039520034076944,191.92275578348944
2,Treino,0.1,3.1,0.7130635501368439,18.640372741176623,3.596277279485344,140.73764453721287
3,Treino,0.5,0.5,0.23891189812029556,25.39596981709795,3.4129667373449255,198.26677878270098
4,Treino,1.0,0.5,-0.006094797714030653,82.60507750211228,10.669638601314423,645.1647150036454
5,Treino,1.5,0.5,-0.012061265412508071,82.83278401457291,10.6653701556242,646.9441262429988
6,Treino,0.1,1.0,0.030345777546393005,134.6605288782923,17.550050196146547,1051.714273631671
9,Treino,1.0,1.0,0.06899384652578422,79.87364867287768,11.188801070854886,621.9675420145429
10,Treino,1.5,1.0,-0.002700482010559835,156.07151188207783,20.264598736347484,1218.9292197559578
11,Treino,0.1,1.5,0.03344764883411355,151.23511564476556,19.869742215834446,1181.15546290535
12,Treino,1.0,3.1,0.9783631350498773,8.175830747933603,2.145452065910461,57.204723329307626
13,Treino,0.5,1.5,0.7649059365048647,30.65485677719395,4.532383095423798,238.28178799436813
15,Treino,1.5,1.5,0.7949718600211354,28.61578798233534,4.201024780364116,222.9028312899395
16,Treino,1.5,3.1,0.36174823159950475,84.46972152811084,13.206802843808378,648.3109441551849
7,Teste Cego,0.5,3.1,0.5287381835413019,51.15505999978478,15.374484630531452,358.40403467325564
8,Teste Cego,0.5,1.0,0.38425859983325883,48.30596198678162,6.851916626388249,376.2284628488884
14,Teste Cego,1.0,1.5,0.9692416325383159,10.116055210928621,2.2552135745264823,58.83010017702412
