ensaio,particao,CA0_mol_L,razao_molar_eta,R2,RMSE_um_min,MAE_um_min
8,Teste Cego,0.5,1.0,0.8289648967330312,25.459166710552502,4.210009273140501
14,Teste Cego,1.0,1.5,0.9711743621445739,9.793073488520134,1.7138740864784003
7,Teste Cego,0.5,3.1,0.743606676261166,37.7320870850792,9.24937841377258
1,Treino,0.1,0.5,0.999544926045582,0.5553040312999656,0.13116780235420475
2,Treino,0.1,3.1,0.9989302202350019,1.1381746841078344,0.32373110532447935
3,Treino,0.5,0.5,0.9997740137938552,0.43761107201011307,0.10321534534257962
4,Treino,1.0,0.5,0.9999911062624126,0.24560061330241004,0.04859547994556949
5,Treino,1.5,0.5,0.999998826000511,0.08921395863733358,0.04962721531606177
6,Treino,0.1,1.0,0.9999986056775081,0.1614780461390069,0.061972880385643574
9,Treino,1.0,1.0,0.9999975415972698,0.12979374477163833,0.059060294119256194
10,Treino,1.5,1.0,0.9994087455552123,3.789878044311921,0.501983766823324
11,Treino,0.1,1.5,0.9999335875777854,1.2536162472294554,0.25076777448497917
12,Treino,1.0,3.1,0.9963951362001892,3.3371763372938017,0.7231183157834854
13,Treino,0.5,1.5,0.9995140004885167,1.3937868939373483,0.23634011178387937
15,Treino,1.5,1.5,0.9998210679787338,0.8453625558631404,0.18895607301446202
16,Treino,1.5,3.1,0.9894583285246479,10.855748864168822,1.759698879752783
