ensaio,temperatura_C,CA0_mol_L,razao_molar_eta,t_min,v_alvo_um_min,abs_v_alvo_um_min,delta_alvo_um,XZn_reconstruido
1,40.0,0.1,0.5,0.0,-204.7886,204.7886,0.0,0.0
1,40.0,0.1,0.5,0.25,-18.6272,18.6272,18.7709,0.389
1,40.0,0.1,0.5,0.5,-4.618,4.618,21.0151,0.4243
1,40.0,0.1,0.5,0.75,-3.1001,3.1001,21.9304,0.4381
1,40.0,0.1,0.5,1.0,-2.5608,2.5608,22.6329,0.4485
1,40.0,0.1,0.5,1.25,-2.1588,2.1588,23.2212,0.4571
1,40.0,0.1,0.5,1.5,-1.823,1.823,23.7178,0.4642
1,40.0,0.1,0.5,1.75,-1.5398,1.5398,24.1371,0.4701
1,40.0,0.1,0.5,2.0,-1.3005,1.3005,24.4913,0.4751
1,40.0,0.1,0.5,2.25,-1.0985,1.0985,24.7905,0.4793
1,40.0,0.1,0.5,2.5,-0.9278,0.9278,25.0432,0.4828
1,40.0,0.1,0.5,2.75,-0.7836,0.7836,25.2566,0.4857
1,40.0,0.1,0.5,3.0,-0.6619,0.6619,25.4368,0.4882
1,40.0,0.1,0.5,3.25,-0.559,0.559,25.5891,0.4902
1,40.0,0.1,0.5,3.5,-0.4722,0.4722,25.7177,0.492
1,40.0,0.1,0.5,3.75,-0.3988,0.3988,25.8263,0.4935
1,40.0,0.1,0.5,4.0,-0.3369,0.3369,25.9181,0.4947
1,40.0,0.1,0.5,4.25,-0.2845,0.2845,25.9955,0.4957
1,40.0,0.1,0.5,4.5,-0.2403,0.2403,26.061,0.4966
1,40.0,0.1,0.5,4.75,-0.203,0.203,26.1163,0.4974
1,40.0,0.1,0.5,5.0,-0.1714,0.1714,26.163,0.498
1,40.0,0.1,0.5,5.25,-0.1448,0.1448,26.2024,0.4985
1,40.0,0.1,0.5,5.5,-0.1223,0.1223,26.2357,0.499
1,40.0,0.1,0.5,5.75,-0.1033,0.1033,26.2638,0.4993
1,40.0,0.1,0.5,6.0,-0.0873,0.0873,26.2876,0.4997
1,40.0,0.1,0.5,6.25,-0.0737,0.0737,26.3077,0.4999
1,40.0,0.1,0.5,6.5,-0.0622,0.0622,26.3246,0.5002
1,40.0,0.1,0.5,6.75,-0.0526,0.0526,26.3389,0.5003
1,40.0,0.1,0.5,7.0,-0.0444,0.0444,26.351,0.5005
1,40.0,0.1,0.5,7.25,-0.0375,0.0375,26.3613,0.5006
1,40.0,0.1,0.5,7.5,-0.0317,0.0317,26.3699,0.5008
1,40.0,0.1,0.5,7.75,-0.0268,0.0268,26.3772,0.5009
1,40.0,0.1,0.5,8.0,-0.0226,0.0226,26.3833,0.5009
1,40.0,0.1,0.5,8.25,-0.0191,0.0191,26.3885,0.501
1,40.0,0.1,0.5,8.5,-0.0161,0.0161,26.3929,0.5011
1,40.0,0.1,0.5,8.75,-0.0136,0.0136,26.3966,0.5011
1,40.0,0.1,0.5,9.0,-0.0115,0.0115,26.3998,0.5012
1,40.0,0.1,0.5,9.25,-0.0097,0.0097,26.4024,0.5012
1,40.0,0.1,0.5,9.5,-0.0082,0.0082,26.4046,0.5012
1,40.0,0.1,0.5,9.75,-0.0069,0.0069,26.4065,0.5012
1,40.0,0.1,0.5,10.0,-0.0059,0.0059,26.4081,0.5013
1,40.0,0.1,0.5,10.25,-0.0049,0.0049,26.4095,0.5013
1,40.0,0.1,0.5,10.5,-0.0042,0.0042,26.4106,0.5013
1,40.0,0.1,0.5,10.75,-0.0035,0.0035,26.4116,0.5013
1,40.0,0.1,0.5,11.0,-0.003,0.003,26.4124,0.5013
1,40.0,0.1,0.5,11.25,-0.0025,0.0025,26.4131,0.5013
1,40.0,0.1,0.5,11.5,-0.0021,0.0021,26.4136,0.5013
1,40.0,0.1,0.5,11.75,-0.0018,0.0018,26.4141,0.5013
1,40.0,0.1,0.5,12.0,-0.0015,0.0015,26.4145,0.5013
1,40.0,0.1,0.5,12.25,-0.0013,0.0013,26.4149,0.5014
1,40.0,0.1,0.5,12.5,-0.0011,0.0011,26.4152,0.5014
1,40.0,0.1,0.5,12.75,-0.0009,0.0009,26.4154,0.5014
1,40.0,0.1,0.5,13.0,-0.0008,0.0008,26.4156,0.5014
1,40.0,0.1,0.5,13.25,-0.0007,0.0007,26.4158,0.5014
1,40.0,0.1,0.5,13.5,-0.0006,0.0006,26.416,0.5014
1,40.0,0.1,0.5,13.75,-0.0005,0.0005,26.4161,0.5014
1,40.0,0.1,0.5,14.0,-0.0004,0.0004,26.4162,0.5014
1,40.0,0.1,0.5,14.25,-0.0003,0.0003,26.4163,0.5014
1,40.0,0.1,0.5,14.5,-0.0003,0.0003,26.4164,0.5014
1,40.0,0.1,0.5,14.75,-0.0002,0.0002,26.4164,0.5014
1,40.0,0.1,0.5,15.0,-0.0002,0.0002,26.4165,0.5014
2,40.0,0.1,3.1,0.0,-248.2055,248.2055,0.0,0.0
2,40.0,0.1,3.1,0.25,-114.4029,114.4029,42.7767,0.6791
2,40.0,0.1,3.1,0.5,-61.0511,61.0511,63.7136,0.82
2,40.0,0.1,3.1,0.75,-39.1243,39.1243,75.8462,0.8724
2,40.0,0.1,3.1,1.0,-29.5185,29.5185,84.2733,0.8999
2,40.0,0.1,3.1,1.25,-24.7861,24.7861,91.0002,0.9179
2,40.0,0.1,3.1,1.5,-22.021,22.021,96.8259,0.9309
2,40.0,0.1,3.1,1.75,-20.0861,20.0861,102.0781,0.941
2,40.0,0.1,3.1,2.0,-18.5341,18.5341,106.9001,0.9491
2,40.0,0.1,3.1,2.25,-17.1867,17.1867,111.362,0.9557
2,40.0,0.1,3.1,2.5,-15.9704,15.9704,115.5043,0.961
2,40.0,0.1,3.1,2.75,-14.8533,14.8533,119.3554,0.9655
2,40.0,0.1,3.1,3.0,-13.8193,13.8193,122.9379,0.9693
2,40.0,0.1,3.1,3.25,-12.8593,12.8593,126.2712,0.9724
2,40.0,0.1,3.1,3.5,-11.9668,11.9668,129.3732,0.9751
2,40.0,0.1,3.1,3.75,-11.1365,11.1365,132.2598,0.9773
2,40.0,0.1,3.1,4.0,-10.3639,10.3639,134.9462,0.9793
2,40.0,0.1,3.1,4.25,-9.645,9.645,137.4463,0.9809
2,40.0,0.1,3.1,4.5,-8.976,8.976,139.7729,0.9824
2,40.0,0.1,3.1,4.75,-8.3534,8.3534,141.9381,0.9837
2,40.0,0.1,3.1,5.0,-7.7739,7.7739,143.9532,0.9848
2,40.0,0.1,3.1,5.25,-7.2347,7.2347,145.8284,0.9857
2,40.0,0.1,3.1,5.5,-6.7329,6.7329,147.5736,0.9866
2,40.0,0.1,3.1,5.75,-6.2658,6.2658,149.1977,0.9873
2,40.0,0.1,3.1,6.0,-5.8312,5.8312,150.7092,0.988
2,40.0,0.1,3.1,6.25,-5.4267,5.4267,152.1159,0.9886
2,40.0,0.1,3.1,6.5,-5.0503,5.0503,153.4249,0.9891
2,40.0,0.1,3.1,6.75,-4.7,4.7,154.6432,0.9896
2,40.0,0.1,3.1,7.0,-4.374,4.374,155.7769,0.99
2,40.0,0.1,3.1,7.25,-4.0706,4.0706,156.8321,0.9904
2,40.0,0.1,3.1,7.5,-3.7882,3.7882,157.814,0.9907
2,40.0,0.1,3.1,7.75,-3.5254,3.5254,158.7278,0.991
2,40.0,0.1,3.1,8.0,-3.2809,3.2809,159.5782,0.9913
2,40.0,0.1,3.1,8.25,-3.0533,3.0533,160.3697,0.9916
2,40.0,0.1,3.1,8.5,-2.8415,2.8415,161.1062,0.9918
2,40.0,0.1,3.1,8.75,-2.6444,2.6444,161.7917,0.992
2,40.0,0.1,3.1,9.0,-2.461,2.461,162.4296,0.9922
2,40.0,0.1,3.1,9.25,-2.2903,2.2903,163.0232,0.9924
2,40.0,0.1,3.1,9.5,-2.1314,2.1314,163.5757,0.9925
2,40.0,0.1,3.1,9.75,-1.9836,1.9836,164.0899,0.9927
2,40.0,0.1,3.1,10.0,-1.846,1.846,164.5683,0.9928
2,40.0,0.1,3.1,10.25,-1.7179,1.7179,165.0136,0.9929
2,40.0,0.1,3.1,10.5,-1.5988,1.5988,165.4281,0.993
2,40.0,0.1,3.1,10.75,-1.4879,1.4879,165.8137,0.9931
2,40.0,0.1,3.1,11.0,-1.3847,1.3847,166.1726,0.9932
2,40.0,0.1,3.1,11.25,-1.2886,1.2886,166.5067,0.9933
2,40.0,0.1,3.1,11.5,-1.1992,1.1992,166.8175,0.9934
2,40.0,0.1,3.1,11.75,-1.1161,1.1161,167.1068,0.9935
2,40.0,0.1,3.1,12.0,-1.0386,1.0386,167.376,0.9935
2,40.0,0.1,3.1,12.25,-0.9666,0.9666,167.6266,0.9936
2,40.0,0.1,3.1,12.5,-0.8995,0.8995,167.8597,0.9937
2,40.0,0.1,3.1,12.75,-0.8372,0.8372,168.0767,0.9937
2,40.0,0.1,3.1,13.0,-0.7791,0.7791,168.2787,0.9938
2,40.0,0.1,3.1,13.25,-0.725,0.725,168.4666,0.9938
2,40.0,0.1,3.1,13.5,-0.6747,0.6747,168.6415,0.9939
2,40.0,0.1,3.1,13.75,-0.6279,0.6279,168.8043,0.9939
2,40.0,0.1,3.1,14.0,-0.5844,0.5844,168.9557,0.9939
2,40.0,0.1,3.1,14.25,-0.5439,0.5439,169.0967,0.994
2,40.0,0.1,3.1,14.5,-0.5061,0.5061,169.2279,0.994
2,40.0,0.1,3.1,14.75,-0.471,0.471,169.35,0.994
2,40.0,0.1,3.1,15.0,-0.4383,0.4383,169.4636,0.994
3,40.0,0.5,0.5,0.0,-228.6887,228.6887,0.0,0.0
3,40.0,0.5,0.5,0.25,-21.8319,21.8319,19.1432,0.395
3,40.0,0.5,0.5,0.5,-9.0431,9.0431,22.5689,0.4476
3,40.0,0.5,0.5,0.75,-4.8975,4.8975,24.2524,0.4718
3,40.0,0.5,0.5,1.0,-2.6963,2.6963,25.1742,0.4846
3,40.0,0.5,0.5,1.25,-1.4857,1.4857,25.682,0.4915
3,40.0,0.5,0.5,1.5,-0.8187,0.8187,25.9618,0.4953
3,40.0,0.5,0.5,1.75,-0.4511,0.4511,26.116,0.4974
3,40.0,0.5,0.5,2.0,-0.2486,0.2486,26.201,0.4985
3,40.0,0.5,0.5,2.25,-0.137,0.137,26.2478,0.4991
3,40.0,0.5,0.5,2.5,-0.0755,0.0755,26.2736,0.4995
3,40.0,0.5,0.5,2.75,-0.0416,0.0416,26.2878,0.4997
3,40.0,0.5,0.5,3.0,-0.0229,0.0229,26.2956,0.4998
3,40.0,0.5,0.5,3.25,-0.0126,0.0126,26.3,0.4998
3,40.0,0.5,0.5,3.5,-0.007,0.007,26.3023,0.4999
3,40.0,0.5,0.5,3.75,-0.0038,0.0038,26.3037,0.4999
3,40.0,0.5,0.5,4.0,-0.0021,0.0021,26.3044,0.4999
3,40.0,0.5,0.5,4.25,-0.0012,0.0012,26.3048,0.4999
3,40.0,0.5,0.5,4.5,-0.0006,0.0006,26.305,0.4999
3,40.0,0.5,0.5,4.75,-0.0004,0.0004,26.3051,0.4999
3,40.0,0.5,0.5,5.0,-0.0002,0.0002,26.3052,0.4999
3,40.0,0.5,0.5,5.25,-0.0001,0.0001,26.3052,0.4999
3,40.0,0.5,0.5,5.5,-0.0001,0.0001,26.3052,0.4999
3,40.0,0.5,0.5,5.75,-0.0,0.0,26.3052,0.4999
3,40.0,0.5,0.5,6.0,-0.0,0.0,26.3053,0.4999
3,40.0,0.5,0.5,6.25,-0.0,0.0,26.3053,0.4999
3,40.0,0.5,0.5,6.5,-0.0,0.0,26.3053,0.4999
3,40.0,0.5,0.5,6.75,-0.0,0.0,26.3053,0.4999
3,40.0,0.5,0.5,7.0,-0.0,0.0,26.3053,0.4999
3,40.0,0.5,0.5,7.25,-0.0,0.0,26.3053,0.4999
3,40.0,0.5,0.5,7.5,-0.0,0.0,26.3053,0.4999
3,40.0,0.5,0.5,7.75,-0.0,0.0,26.3053,0.4999
3,40.0,0.5,0.5,8.0,-0.0,0.0,26.3053,0.4999
3,40.0,0.5,0.5,8.25,-0.0,0.0,26.3053,0.4999
3,40.0,0.5,0.5,8.5,-0.0,0.0,26.3053,0.4999
3,40.0,0.5,0.5,8.75,-0.0,0.0,26.3053,0.4999
3,40.0,0.5,0.5,9.0,-0.0,0.0,26.3053,0.4999
3,40.0,0.5,0.5,9.25,-0.0,0.0,26.3053,0.4999
3,40.0,0.5,0.5,9.5,-0.0,0.0,26.3053,0.4999
3,40.0,0.5,0.5,9.75,-0.0,0.0,26.3053,0.4999
3,40.0,0.5,0.5,10.0,-0.0,0.0,26.3053,0.4999
3,40.0,0.5,0.5,10.25,-0.0,0.0,26.3053,0.4999
3,40.0,0.5,0.5,10.5,-0.0,0.0,26.3053,0.4999
3,40.0,0.5,0.5,10.75,-0.0,0.0,26.3053,0.4999
3,40.0,0.5,0.5,11.0,-0.0,0.0,26.3053,0.4999
3,40.0,0.5,0.5,11.25,-0.0,0.0,26.3053,0.4999
3,40.0,0.5,0.5,11.5,-0.0,0.0,26.3053,0.4999
3,40.0,0.5,0.5,11.75,-0.0,0.0,26.3053,0.4999
3,40.0,0.5,0.5,12.0,-0.0,0.0,26.3053,0.4999
3,40.0,0.5,0.5,12.25,-0.0,0.0,26.3053,0.4999
3,40.0,0.5,0.5,12.5,-0.0,0.0,26.3053,0.4999
3,40.0,0.5,0.5,12.75,-0.0,0.0,26.3053,0.4999
3,40.0,0.5,0.5,13.0,-0.0,0.0,26.3053,0.4999
3,40.0,0.5,0.5,13.25,-0.0,0.0,26.3053,0.4999
3,40.0,0.5,0.5,13.5,-0.0,0.0,26.3053,0.4999
3,40.0,0.5,0.5,13.75,-0.0,0.0,26.3053,0.4999
3,40.0,0.5,0.5,14.0,-0.0,0.0,26.3053,0.4999
3,40.0,0.5,0.5,14.25,-0.0,0.0,26.3053,0.4999
3,40.0,0.5,0.5,14.5,-0.0,0.0,26.3053,0.4999
3,40.0,0.5,0.5,14.75,-0.0,0.0,26.3053,0.4999
3,40.0,0.5,0.5,15.0,-0.0,0.0,26.3053,0.4999
4,40.0,1.0,0.5,0.0,-648.6314,648.6314,0.0,0.0
4,40.0,1.0,0.5,0.25,-1.7349,1.7349,25.8896,0.4943
4,40.0,1.0,0.5,0.5,-0.0676,0.0676,25.9817,0.4956
4,40.0,1.0,0.5,0.75,-0.0585,0.0585,25.9967,0.4958
4,40.0,1.0,0.5,1.0,-0.0584,0.0584,26.0113,0.496
4,40.0,1.0,0.5,1.25,-0.0584,0.0584,26.0259,0.4962
4,40.0,1.0,0.5,1.5,-0.0584,0.0584,26.0405,0.4963
4,40.0,1.0,0.5,1.75,-0.0584,0.0584,26.0551,0.4965
4,40.0,1.0,0.5,2.0,-0.0584,0.0584,26.0698,0.4967
4,40.0,1.0,0.5,2.25,-0.0584,0.0584,26.0844,0.4969
4,40.0,1.0,0.5,2.5,-0.0584,0.0584,26.099,0.4971
4,40.0,1.0,0.5,2.75,-0.0584,0.0584,26.1136,0.4973
4,40.0,1.0,0.5,3.0,-0.0584,0.0584,26.1282,0.4975
4,40.0,1.0,0.5,3.25,-0.0584,0.0584,26.1428,0.4977
4,40.0,1.0,0.5,3.5,-0.0584,0.0584,26.1574,0.4979
4,40.0,1.0,0.5,3.75,-0.0584,0.0584,26.172,0.4981
4,40.0,1.0,0.5,4.0,-0.0584,0.0584,26.1866,0.4983
4,40.0,1.0,0.5,4.25,-0.0584,0.0584,26.2012,0.4985
4,40.0,1.0,0.5,4.5,-0.0584,0.0584,26.2158,0.4987
4,40.0,1.0,0.5,4.75,-0.0584,0.0584,26.2304,0.4989
4,40.0,1.0,0.5,5.0,-0.0584,0.0584,26.245,0.4991
4,40.0,1.0,0.5,5.25,-0.0584,0.0584,26.2596,0.4993
4,40.0,1.0,0.5,5.5,-0.0584,0.0584,26.2742,0.4995
4,40.0,1.0,0.5,5.75,-0.0584,0.0584,26.2888,0.4997
4,40.0,1.0,0.5,6.0,-0.0584,0.0584,26.3034,0.4999
4,40.0,1.0,0.5,6.25,-0.0584,0.0584,26.318,0.5001
4,40.0,1.0,0.5,6.5,-0.0584,0.0584,26.3326,0.5003
4,40.0,1.0,0.5,6.75,-0.0584,0.0584,26.3472,0.5005
4,40.0,1.0,0.5,7.0,-0.0584,0.0584,26.3618,0.5006
4,40.0,1.0,0.5,7.25,-0.0584,0.0584,26.3764,0.5008
4,40.0,1.0,0.5,7.5,-0.0584,0.0584,26.391,0.501
4,40.0,1.0,0.5,7.75,-0.0584,0.0584,26.4056,0.5012
4,40.0,1.0,0.5,8.0,-0.0584,0.0584,26.4202,0.5014
4,40.0,1.0,0.5,8.25,-0.0584,0.0584,26.4348,0.5016
4,40.0,1.0,0.5,8.5,-0.0584,0.0584,26.4494,0.5018
4,40.0,1.0,0.5,8.75,-0.0584,0.0584,26.464,0.502
4,40.0,1.0,0.5,9.0,-0.0584,0.0584,26.4786,0.5022
4,40.0,1.0,0.5,9.25,-0.0584,0.0584,26.4932,0.5024
4,40.0,1.0,0.5,9.5,-0.0584,0.0584,26.5078,0.5026
4,40.0,1.0,0.5,9.75,-0.0584,0.0584,26.5224,0.5028
4,40.0,1.0,0.5,10.0,-0.0584,0.0584,26.537,0.503
4,40.0,1.0,0.5,10.25,-0.0584,0.0584,26.5517,0.5032
4,40.0,1.0,0.5,10.5,-0.0584,0.0584,26.5663,0.5034
4,40.0,1.0,0.5,10.75,-0.0584,0.0584,26.5809,0.5036
4,40.0,1.0,0.5,11.0,-0.0584,0.0584,26.5955,0.5038
4,40.0,1.0,0.5,11.25,-0.0584,0.0584,26.6101,0.5039
4,40.0,1.0,0.5,11.5,-0.0584,0.0584,26.6247,0.5041
4,40.0,1.0,0.5,11.75,-0.0584,0.0584,26.6393,0.5043
4,40.0,1.0,0.5,12.0,-0.0584,0.0584,26.6539,0.5045
4,40.0,1.0,0.5,12.25,-0.0584,0.0584,26.6685,0.5047
4,40.0,1.0,0.5,12.5,-0.0584,0.0584,26.6831,0.5049
4,40.0,1.0,0.5,12.75,-0.0584,0.0584,26.6977,0.5051
4,40.0,1.0,0.5,13.0,-0.0584,0.0584,26.7123,0.5053
4,40.0,1.0,0.5,13.25,-0.0584,0.0584,26.7269,0.5055
4,40.0,1.0,0.5,13.5,-0.0584,0.0584,26.7415,0.5057
4,40.0,1.0,0.5,13.75,-0.0584,0.0584,26.7561,0.5059
4,40.0,1.0,0.5,14.0,-0.0584,0.0584,26.7707,0.5061
4,40.0,1.0,0.5,14.25,-0.0584,0.0584,26.7853,0.5063
4,40.0,1.0,0.5,14.5,-0.0584,0.0584,26.7999,0.5065
4,40.0,1.0,0.5,14.75,-0.0584,0.0584,26.8145,0.5066
4,40.0,1.0,0.5,15.0,-0.0584,0.0584,26.8291,0.5068
5,40.0,1.5,0.5,0.0,-648.4541,648.4541,0.0,0.0
5,40.0,1.5,0.5,0.25,-1.4402,1.4402,25.0194,0.4824
5,40.0,1.5,0.5,0.5,-0.0239,0.0239,25.0883,0.4834
5,40.0,1.5,0.5,0.75,-0.0168,0.0168,25.0928,0.4835
5,40.0,1.5,0.5,1.0,-0.0168,0.0168,25.097,0.4835
5,40.0,1.5,0.5,1.25,-0.0168,0.0168,25.1012,0.4836
5,40.0,1.5,0.5,1.5,-0.0168,0.0168,25.1054,0.4836
5,40.0,1.5,0.5,1.75,-0.0168,0.0168,25.1096,0.4837
5,40.0,1.5,0.5,2.0,-0.0168,0.0168,25.1138,0.4837
5,40.0,1.5,0.5,2.25,-0.0168,0.0168,25.118,0.4838
5,40.0,1.5,0.5,2.5,-0.0168,0.0168,25.1222,0.4839
5,40.0,1.5,0.5,2.75,-0.0168,0.0168,25.1264,0.4839
5,40.0,1.5,0.5,3.0,-0.0168,0.0168,25.1306,0.484
5,40.0,1.5,0.5,3.25,-0.0168,0.0168,25.1348,0.484
5,40.0,1.5,0.5,3.5,-0.0168,0.0168,25.1389,0.4841
5,40.0,1.5,0.5,3.75,-0.0168,0.0168,25.1431,0.4841
5,40.0,1.5,0.5,4.0,-0.0168,0.0168,25.1473,0.4842
5,40.0,1.5,0.5,4.25,-0.0168,0.0168,25.1515,0.4843
5,40.0,1.5,0.5,4.5,-0.0168,0.0168,25.1557,0.4843
5,40.0,1.5,0.5,4.75,-0.0168,0.0168,25.1599,0.4844
5,40.0,1.5,0.5,5.0,-0.0168,0.0168,25.1641,0.4844
5,40.0,1.5,0.5,5.25,-0.0168,0.0168,25.1683,0.4845
5,40.0,1.5,0.5,5.5,-0.0168,0.0168,25.1725,0.4846
5,40.0,1.5,0.5,5.75,-0.0168,0.0168,25.1767,0.4846
5,40.0,1.5,0.5,6.0,-0.0168,0.0168,25.1809,0.4847
5,40.0,1.5,0.5,6.25,-0.0168,0.0168,25.1851,0.4847
5,40.0,1.5,0.5,6.5,-0.0168,0.0168,25.1893,0.4848
5,40.0,1.5,0.5,6.75,-0.0168,0.0168,25.1935,0.4848
5,40.0,1.5,0.5,7.0,-0.0168,0.0168,25.1977,0.4849
5,40.0,1.5,0.5,7.25,-0.0168,0.0168,25.2019,0.485
5,40.0,1.5,0.5,7.5,-0.0168,0.0168,25.2061,0.485
5,40.0,1.5,0.5,7.75,-0.0168,0.0168,25.2103,0.4851
5,40.0,1.5,0.5,8.0,-0.0168,0.0168,25.2145,0.4851
5,40.0,1.5,0.5,8.25,-0.0168,0.0168,25.2187,0.4852
5,40.0,1.5,0.5,8.5,-0.0168,0.0168,25.2229,0.4852
5,40.0,1.5,0.5,8.75,-0.0168,0.0168,25.2271,0.4853
5,40.0,1.5,0.5,9.0,-0.0168,0.0168,25.2313,0.4854
5,40.0,1.5,0.5,9.25,-0.0168,0.0168,25.2354,0.4854
5,40.0,1.5,0.5,9.5,-0.0168,0.0168,25.2396,0.4855
5,40.0,1.5,0.5,9.75,-0.0168,0.0168,25.2438,0.4855
5,40.0,1.5,0.5,10.0,-0.0168,0.0168,25.248,0.4856
5,40.0,1.5,0.5,10.25,-0.0168,0.0168,25.2522,0.4856
5,40.0,1.5,0.5,10.5,-0.0168,0.0168,25.2564,0.4857
5,40.0,1.5,0.5,10.75,-0.0168,0.0168,25.2606,0.4858
5,40.0,1.5,0.5,11.0,-0.0168,0.0168,25.2648,0.4858
5,40.0,1.5,0.5,11.25,-0.0168,0.0168,25.269,0.4859
5,40.0,1.5,0.5,11.5,-0.0168,0.0168,25.2732,0.4859
5,40.0,1.5,0.5,11.75,-0.0168,0.0168,25.2774,0.486
5,40.0,1.5,0.5,12.0,-0.0168,0.0168,25.2816,0.486
5,40.0,1.5,0.5,12.25,-0.0168,0.0168,25.2858,0.4861
5,40.0,1.5,0.5,12.5,-0.0168,0.0168,25.29,0.4862
5,40.0,1.5,0.5,12.75,-0.0168,0.0168,25.2942,0.4862
5,40.0,1.5,0.5,13.0,-0.0168,0.0168,25.2984,0.4863
5,40.0,1.5,0.5,13.25,-0.0168,0.0168,25.3026,0.4863
5,40.0,1.5,0.5,13.5,-0.0168,0.0168,25.3068,0.4864
5,40.0,1.5,0.5,13.75,-0.0168,0.0168,25.311,0.4865
5,40.0,1.5,0.5,14.0,-0.0168,0.0168,25.3152,0.4865
5,40.0,1.5,0.5,14.25,-0.0168,0.0168,25.3194,0.4866
5,40.0,1.5,0.5,14.5,-0.0168,0.0168,25.3236,0.4866
5,40.0,1.5,0.5,14.75,-0.0168,0.0168,25.3278,0.4867
5,40.0,1.5,0.5,15.0,-0.0168,0.0168,25.3319,0.4867
6,40.0,0.1,1.0,0.0,-1078.6281,1078.6281,0.0,0.0
6,40.0,0.1,1.0,0.25,-15.0245,15.0245,48.5859,0.7262
6,40.0,0.1,1.0,0.5,-10.7161,10.7161,51.5456,0.7476
6,40.0,0.1,1.0,0.75,-9.6003,9.6003,54.0819,0.7647
6,40.0,0.1,1.0,1.0,-8.6077,8.6077,56.3557,0.779
6,40.0,0.1,1.0,1.25,-7.7178,7.7178,58.3943,0.7912
6,40.0,0.1,1.0,1.5,-6.9199,6.9199,60.2222,0.8015
6,40.0,0.1,1.0,1.75,-6.2044,6.2044,61.8611,0.8104
6,40.0,0.1,1.0,2.0,-5.563,5.563,63.3306,0.8181
6,40.0,0.1,1.0,2.25,-4.9878,4.9878,64.6481,0.8247
6,40.0,0.1,1.0,2.5,-4.4722,4.4722,65.8295,0.8304
6,40.0,0.1,1.0,2.75,-4.0098,4.0098,66.8887,0.8354
6,40.0,0.1,1.0,3.0,-3.5952,3.5952,67.8384,0.8397
6,40.0,0.1,1.0,3.25,-3.2235,3.2235,68.6899,0.8435
6,40.0,0.1,1.0,3.5,-2.8903,2.8903,69.4533,0.8469
6,40.0,0.1,1.0,3.75,-2.5914,2.5914,70.1379,0.8498
6,40.0,0.1,1.0,4.0,-2.3235,2.3235,70.7516,0.8524
6,40.0,0.1,1.0,4.25,-2.0833,2.0833,71.3019,0.8547
6,40.0,0.1,1.0,4.5,-1.8679,1.8679,71.7953,0.8567
6,40.0,0.1,1.0,4.75,-1.6748,1.6748,72.2377,0.8585
6,40.0,0.1,1.0,5.0,-1.5016,1.5016,72.6344,0.8601
6,40.0,0.1,1.0,5.25,-1.3464,1.3464,72.9901,0.8615
6,40.0,0.1,1.0,5.5,-1.2072,1.2072,73.3089,0.8628
6,40.0,0.1,1.0,5.75,-1.0824,1.0824,73.5949,0.8639
6,40.0,0.1,1.0,6.0,-0.9705,0.9705,73.8512,0.8649
6,40.0,0.1,1.0,6.25,-0.8701,0.8701,74.0811,0.8658
6,40.0,0.1,1.0,6.5,-0.7802,0.7802,74.2871,0.8666
6,40.0,0.1,1.0,6.75,-0.6995,0.6995,74.4719,0.8673
6,40.0,0.1,1.0,7.0,-0.6272,0.6272,74.6376,0.8679
6,40.0,0.1,1.0,7.25,-0.5624,0.5624,74.7861,0.8684
6,40.0,0.1,1.0,7.5,-0.5042,0.5042,74.9193,0.8689
6,40.0,0.1,1.0,7.75,-0.4521,0.4521,75.0388,0.8694
6,40.0,0.1,1.0,8.0,-0.4053,0.4053,75.1458,0.8698
6,40.0,0.1,1.0,8.25,-0.3634,0.3634,75.2418,0.8701
6,40.0,0.1,1.0,8.5,-0.3259,0.3259,75.3279,0.8705
6,40.0,0.1,1.0,8.75,-0.2922,0.2922,75.4051,0.8707
6,40.0,0.1,1.0,9.0,-0.262,0.262,75.4743,0.871
6,40.0,0.1,1.0,9.25,-0.2349,0.2349,75.5363,0.8712
6,40.0,0.1,1.0,9.5,-0.2106,0.2106,75.592,0.8714
6,40.0,0.1,1.0,9.75,-0.1888,0.1888,75.6418,0.8716
6,40.0,0.1,1.0,10.0,-0.1693,0.1693,75.6866,0.8718
6,40.0,0.1,1.0,10.25,-0.1518,0.1518,75.7267,0.8719
6,40.0,0.1,1.0,10.5,-0.1361,0.1361,75.7626,0.8721
6,40.0,0.1,1.0,10.75,-0.122,0.122,75.7949,0.8722
6,40.0,0.1,1.0,11.0,-0.1094,0.1094,75.8238,0.8723
6,40.0,0.1,1.0,11.25,-0.0981,0.0981,75.8497,0.8724
6,40.0,0.1,1.0,11.5,-0.088,0.088,75.8729,0.8725
6,40.0,0.1,1.0,11.75,-0.0789,0.0789,75.8937,0.8725
6,40.0,0.1,1.0,12.0,-0.0707,0.0707,75.9124,0.8726
6,40.0,0.1,1.0,12.25,-0.0634,0.0634,75.9292,0.8727
6,40.0,0.1,1.0,12.5,-0.0568,0.0568,75.9442,0.8727
6,40.0,0.1,1.0,12.75,-0.051,0.051,75.9577,0.8728
6,40.0,0.1,1.0,13.0,-0.0457,0.0457,75.9697,0.8728
6,40.0,0.1,1.0,13.25,-0.041,0.041,75.9805,0.8729
6,40.0,0.1,1.0,13.5,-0.0367,0.0367,75.9903,0.8729
6,40.0,0.1,1.0,13.75,-0.0329,0.0329,75.999,0.8729
6,40.0,0.1,1.0,14.0,-0.0295,0.0295,76.0068,0.873
6,40.0,0.1,1.0,14.25,-0.0265,0.0265,76.0138,0.873
6,40.0,0.1,1.0,14.5,-0.0237,0.0237,76.02,0.873
6,40.0,0.1,1.0,14.75,-0.0213,0.0213,76.0256,0.873
6,40.0,0.1,1.0,15.0,-0.0191,0.0191,76.0307,0.873
7,40.0,0.5,3.1,0.0,-584.6245,584.6245,0.0,0.0
7,40.0,0.5,3.1,0.25,-92.9574,92.9574,61.608,0.8091
7,40.0,0.5,3.1,0.5,-49.0356,49.0356,77.4557,0.8781
7,40.0,0.5,3.1,0.75,-42.149,42.149,88.6921,0.9121
7,40.0,0.5,3.1,1.0,-38.5625,38.5625,98.7625,0.9348
7,40.0,0.5,3.1,1.25,-35.4862,35.4862,108.0123,0.9508
7,40.0,0.5,3.1,1.5,-32.6723,32.6723,116.5272,0.9623
7,40.0,0.5,3.1,1.75,-30.083,30.083,124.3672,0.9706
7,40.0,0.5,3.1,2.0,-27.6989,27.6989,131.5858,0.9768
7,40.0,0.5,3.1,2.25,-25.5038,25.5038,138.2324,0.9815
7,40.0,0.5,3.1,2.5,-23.4827,23.4827,144.3522,0.985
7,40.0,0.5,3.1,2.75,-21.6217,21.6217,149.9871,0.9877
7,40.0,0.5,3.1,3.0,-19.9082,19.9082,155.1754,0.9898
7,40.0,0.5,3.1,3.25,-18.3305,18.3305,159.9525,0.9914
7,40.0,0.5,3.1,3.5,-16.8778,16.8778,164.351,0.9927
7,40.0,0.5,3.1,3.75,-15.5403,15.5403,168.401,0.9938
7,40.0,0.5,3.1,4.0,-14.3088,14.3088,172.13,0.9946
7,40.0,0.5,3.1,4.25,-13.1748,13.1748,175.5635,0.9953
7,40.0,0.5,3.1,4.5,-12.1307,12.1307,178.7249,0.9959
7,40.0,0.5,3.1,4.75,-11.1694,11.1694,181.6358,0.9964
7,40.0,0.5,3.1,5.0,-10.2842,10.2842,184.3159,0.9968
7,40.0,0.5,3.1,5.25,-9.4692,9.4692,186.7837,0.9971
7,40.0,0.5,3.1,5.5,-8.7188,8.7188,189.0559,0.9974
7,40.0,0.5,3.1,5.75,-8.0278,8.0278,191.1481,0.9976
7,40.0,0.5,3.1,6.0,-7.3916,7.3916,193.0744,0.9978
7,40.0,0.5,3.1,6.25,-6.8059,6.8059,194.8481,0.998
7,40.0,0.5,3.1,6.5,-6.2665,6.2665,196.4812,0.9981
7,40.0,0.5,3.1,6.75,-5.7699,5.7699,197.9849,0.9983
7,40.0,0.5,3.1,7.0,-5.3126,5.3126,199.3694,0.9984
7,40.0,0.5,3.1,7.25,-4.8916,4.8916,200.6442,0.9985
7,40.0,0.5,3.1,7.5,-4.504,4.504,201.818,0.9986
7,40.0,0.5,3.1,7.75,-4.147,4.147,202.8988,0.9986
7,40.0,0.5,3.1,8.0,-3.8184,3.8184,203.8939,0.9987
7,40.0,0.5,3.1,8.25,-3.5158,3.5158,204.8101,0.9988
7,40.0,0.5,3.1,8.5,-3.2372,3.2372,205.6538,0.9988
7,40.0,0.5,3.1,8.75,-2.9806,2.9806,206.4306,0.9989
7,40.0,0.5,3.1,9.0,-2.7444,2.7444,207.1458,0.9989
7,40.0,0.5,3.1,9.25,-2.5269,2.5269,207.8043,0.9989
7,40.0,0.5,3.1,9.5,-2.3267,2.3267,208.4107,0.999
7,40.0,0.5,3.1,9.75,-2.1423,2.1423,208.969,0.999
7,40.0,0.5,3.1,10.0,-1.9725,1.9725,209.483,0.999
7,40.0,0.5,3.1,10.25,-1.8162,1.8162,209.9563,0.999
7,40.0,0.5,3.1,10.5,-1.6723,1.6723,210.3922,0.9991
7,40.0,0.5,3.1,10.75,-1.5397,1.5397,210.7934,0.9991
7,40.0,0.5,3.1,11.0,-1.4177,1.4177,211.1629,0.9991
7,40.0,0.5,3.1,11.25,-1.3054,1.3054,211.5031,0.9991
7,40.0,0.5,3.1,11.5,-1.2019,1.2019,211.8163,0.9991
7,40.0,0.5,3.1,11.75,-1.1067,1.1067,212.1047,0.9991
7,40.0,0.5,3.1,12.0,-1.019,1.019,212.3703,0.9992
7,40.0,0.5,3.1,12.25,-0.9382,0.9382,212.6148,0.9992
7,40.0,0.5,3.1,12.5,-0.8639,0.8639,212.8399,0.9992
7,40.0,0.5,3.1,12.75,-0.7954,0.7954,213.0472,0.9992
7,40.0,0.5,3.1,13.0,-0.7324,0.7324,213.2381,0.9992
7,40.0,0.5,3.1,13.25,-0.6743,0.6743,213.4138,0.9992
7,40.0,0.5,3.1,13.5,-0.6209,0.6209,213.5756,0.9992
7,40.0,0.5,3.1,13.75,-0.5717,0.5717,213.7246,0.9992
7,40.0,0.5,3.1,14.0,-0.5264,0.5264,213.8618,0.9992
7,40.0,0.5,3.1,14.25,-0.4847,0.4847,213.9881,0.9992
7,40.0,0.5,3.1,14.5,-0.4463,0.4463,214.1044,0.9992
7,40.0,0.5,3.1,14.75,-0.4109,0.4109,214.2115,0.9992
7,40.0,0.5,3.1,15.0,-0.3783,0.3783,214.3101,0.9992
8,40.0,0.5,1.0,0.0,-480.0935,480.0935,0.0,0.0
8,40.0,0.5,1.0,0.25,-77.5967,77.5967,52.5617,0.7546
8,40.0,0.5,1.0,0.5,-24.4674,24.4674,63.5292,0.8191
8,40.0,0.5,1.0,0.75,-11.196,11.196,67.7075,0.8391
8,40.0,0.5,1.0,1.0,-5.6636,5.6636,69.7298,0.8481
8,40.0,0.5,1.0,1.25,-2.942,2.942,70.7671,0.8525
8,40.0,0.5,1.0,1.5,-1.5567,1.5567,71.3102,0.8547
8,40.0,0.5,1.0,1.75,-0.8471,0.8471,71.6009,0.8559
8,40.0,0.5,1.0,2.0,-0.4832,0.4832,71.7622,0.8566
8,40.0,0.5,1.0,2.25,-0.2965,0.2965,71.857,0.857
8,40.0,0.5,1.0,2.5,-0.2008,0.2008,71.9179,0.8572
8,40.0,0.5,1.0,2.75,-0.1517,0.1517,71.9613,0.8574
8,40.0,0.5,1.0,3.0,-0.1265,0.1265,71.9957,0.8575
8,40.0,0.5,1.0,3.25,-0.1136,0.1136,72.0255,0.8577
8,40.0,0.5,1.0,3.5,-0.107,0.107,72.053,0.8578
8,40.0,0.5,1.0,3.75,-0.1036,0.1036,72.0793,0.8579
8,40.0,0.5,1.0,4.0,-0.1018,0.1018,72.1049,0.858
8,40.0,0.5,1.0,4.25,-0.1009,0.1009,72.1303,0.8581
8,40.0,0.5,1.0,4.5,-0.1005,0.1005,72.1555,0.8582
8,40.0,0.5,1.0,4.75,-0.1002,0.1002,72.1805,0.8583
8,40.0,0.5,1.0,5.0,-0.1001,0.1001,72.2056,0.8584
8,40.0,0.5,1.0,5.25,-0.1001,0.1001,72.2306,0.8585
8,40.0,0.5,1.0,5.5,-0.1,0.1,72.2556,0.8586
8,40.0,0.5,1.0,5.75,-0.1,0.1,72.2806,0.8587
8,40.0,0.5,1.0,6.0,-0.1,0.1,72.3056,0.8588
8,40.0,0.5,1.0,6.25,-0.1,0.1,72.3306,0.8589
8,40.0,0.5,1.0,6.5,-0.1,0.1,72.3556,0.859
8,40.0,0.5,1.0,6.75,-0.1,0.1,72.3806,0.8591
8,40.0,0.5,1.0,7.0,-0.1,0.1,72.4056,0.8592
8,40.0,0.5,1.0,7.25,-0.1,0.1,72.4306,0.8593
8,40.0,0.5,1.0,7.5,-0.1,0.1,72.4556,0.8594
8,40.0,0.5,1.0,7.75,-0.1,0.1,72.4806,0.8595
8,40.0,0.5,1.0,8.0,-0.1,0.1,72.5056,0.8596
8,40.0,0.5,1.0,8.25,-0.1,0.1,72.5306,0.8597
8,40.0,0.5,1.0,8.5,-0.1,0.1,72.5556,0.8598
8,40.0,0.5,1.0,8.75,-0.1,0.1,72.5806,0.8599
8,40.0,0.5,1.0,9.0,-0.1,0.1,72.6056,0.86
8,40.0,0.5,1.0,9.25,-0.1,0.1,72.6306,0.8601
8,40.0,0.5,1.0,9.5,-0.1,0.1,72.6556,0.8602
8,40.0,0.5,1.0,9.75,-0.1,0.1,72.6806,0.8603
8,40.0,0.5,1.0,10.0,-0.1,0.1,72.7056,0.8604
8,40.0,0.5,1.0,10.25,-0.1,0.1,72.7306,0.8605
8,40.0,0.5,1.0,10.5,-0.1,0.1,72.7556,0.8606
8,40.0,0.5,1.0,10.75,-0.1,0.1,72.7806,0.8607
8,40.0,0.5,1.0,11.0,-0.1,0.1,72.8056,0.8608
8,40.0,0.5,1.0,11.25,-0.1,0.1,72.8306,0.8609
8,40.0,0.5,1.0,11.5,-0.1,0.1,72.8556,0.861
8,40.0,0.5,1.0,11.75,-0.1,0.1,72.8806,0.8611
8,40.0,0.5,1.0,12.0,-0.1,0.1,72.9056,0.8612
8,40.0,0.5,1.0,12.25,-0.1,0.1,72.9306,0.8613
8,40.0,0.5,1.0,12.5,-0.1,0.1,72.9556,0.8614
8,40.0,0.5,1.0,12.75,-0.1,0.1,72.9806,0.8615
8,40.0,0.5,1.0,13.0,-0.1,0.1,73.0056,0.8616
8,40.0,0.5,1.0,13.25,-0.1,0.1,73.0306,0.8617
8,40.0,0.5,1.0,13.5,-0.1,0.1,73.0556,0.8618
8,40.0,0.5,1.0,13.75,-0.1,0.1,73.0806,0.8619
8,40.0,0.5,1.0,14.0,-0.1,0.1,73.1056,0.862
8,40.0,0.5,1.0,14.25,-0.1,0.1,73.1306,0.8621
8,40.0,0.5,1.0,14.5,-0.1,0.1,73.1556,0.8622
8,40.0,0.5,1.0,14.75,-0.1,0.1,73.1806,0.8623
8,40.0,0.5,1.0,15.0,-0.1,0.1,73.2056,0.8624
9,40.0,1.0,1.0,0.0,-650.2649,650.2649,0.0,0.0
9,40.0,1.0,1.0,0.25,-62.0688,62.0688,58.1526,0.7898
9,40.0,1.0,1.0,0.5,-13.2125,13.2125,65.7241,0.8299
9,40.0,1.0,1.0,0.75,-3.6885,3.6885,67.5729,0.8385
9,40.0,1.0,1.0,1.0,-1.12,1.12,68.1081,0.8409
9,40.0,1.0,1.0,1.25,-0.3879,0.3879,68.278,0.8417
9,40.0,1.0,1.0,1.5,-0.1776,0.1776,68.3434,0.842
9,40.0,1.0,1.0,1.75,-0.1171,0.1171,68.3787,0.8422
9,40.0,1.0,1.0,2.0,-0.0998,0.0998,68.4054,0.8423
9,40.0,1.0,1.0,2.25,-0.0948,0.0948,68.4296,0.8424
9,40.0,1.0,1.0,2.5,-0.0933,0.0933,68.453,0.8425
9,40.0,1.0,1.0,2.75,-0.0929,0.0929,68.4763,0.8426
9,40.0,1.0,1.0,3.0,-0.0928,0.0928,68.4995,0.8427
9,40.0,1.0,1.0,3.25,-0.0928,0.0928,68.5227,0.8428
9,40.0,1.0,1.0,3.5,-0.0927,0.0927,68.5459,0.8429
9,40.0,1.0,1.0,3.75,-0.0927,0.0927,68.5691,0.843
9,40.0,1.0,1.0,4.0,-0.0927,0.0927,68.5923,0.8431
9,40.0,1.0,1.0,4.25,-0.0927,0.0927,68.6155,0.8432
9,40.0,1.0,1.0,4.5,-0.0927,0.0927,68.6386,0.8433
9,40.0,1.0,1.0,4.75,-0.0927,0.0927,68.6618,0.8434
9,40.0,1.0,1.0,5.0,-0.0927,0.0927,68.685,0.8435
9,40.0,1.0,1.0,5.25,-0.0927,0.0927,68.7082,0.8436
9,40.0,1.0,1.0,5.5,-0.0927,0.0927,68.7314,0.8437
9,40.0,1.0,1.0,5.75,-0.0927,0.0927,68.7546,0.8438
9,40.0,1.0,1.0,6.0,-0.0927,0.0927,68.7777,0.8439
9,40.0,1.0,1.0,6.25,-0.0927,0.0927,68.8009,0.844
9,40.0,1.0,1.0,6.5,-0.0927,0.0927,68.8241,0.8441
9,40.0,1.0,1.0,6.75,-0.0927,0.0927,68.8473,0.8442
9,40.0,1.0,1.0,7.0,-0.0927,0.0927,68.8705,0.8443
9,40.0,1.0,1.0,7.25,-0.0927,0.0927,68.8937,0.8444
9,40.0,1.0,1.0,7.5,-0.0927,0.0927,68.9168,0.8445
9,40.0,1.0,1.0,7.75,-0.0927,0.0927,68.94,0.8446
9,40.0,1.0,1.0,8.0,-0.0927,0.0927,68.9632,0.8447
9,40.0,1.0,1.0,8.25,-0.0927,0.0927,68.9864,0.8448
9,40.0,1.0,1.0,8.5,-0.0927,0.0927,69.0096,0.845
9,40.0,1.0,1.0,8.75,-0.0927,0.0927,69.0328,0.8451
9,40.0,1.0,1.0,9.0,-0.0927,0.0927,69.0559,0.8452
9,40.0,1.0,1.0,9.25,-0.0927,0.0927,69.0791,0.8453
9,40.0,1.0,1.0,9.5,-0.0927,0.0927,69.1023,0.8454
9,40.0,1.0,1.0,9.75,-0.0927,0.0927,69.1255,0.8455
9,40.0,1.0,1.0,10.0,-0.0927,0.0927,69.1487,0.8456
9,40.0,1.0,1.0,10.25,-0.0927,0.0927,69.1719,0.8457
9,40.0,1.0,1.0,10.5,-0.0927,0.0927,69.1951,0.8458
9,40.0,1.0,1.0,10.75,-0.0927,0.0927,69.2182,0.8459
9,40.0,1.0,1.0,11.0,-0.0927,0.0927,69.2414,0.846
9,40.0,1.0,1.0,11.25,-0.0927,0.0927,69.2646,0.8461
9,40.0,1.0,1.0,11.5,-0.0927,0.0927,69.2878,0.8462
9,40.0,1.0,1.0,11.75,-0.0927,0.0927,69.311,0.8463
9,40.0,1.0,1.0,12.0,-0.0927,0.0927,69.3342,0.8464
9,40.0,1.0,1.0,12.25,-0.0927,0.0927,69.3573,0.8465
9,40.0,1.0,1.0,12.5,-0.0927,0.0927,69.3805,0.8466
9,40.0,1.0,1.0,12.75,-0.0927,0.0927,69.4037,0.8467
9,40.0,1.0,1.0,13.0,-0.0927,0.0927,69.4269,0.8468
9,40.0,1.0,1.0,13.25,-0.0927,0.0927,69.4501,0.8469
9,40.0,1.0,1.0,13.5,-0.0927,0.0927,69.4733,0.847
9,40.0,1.0,1.0,13.75,-0.0927,0.0927,69.4964,0.8471
9,40.0,1.0,1.0,14.0,-0.0927,0.0927,69.5196,0.8472
9,40.0,1.0,1.0,14.25,-0.0927,0.0927,69.5428,0.8473
9,40.0,1.0,1.0,14.5,-0.0927,0.0927,69.566,0.8474
9,40.0,1.0,1.0,14.75,-0.0927,0.0927,69.5892,0.8475
9,40.0,1.0,1.0,15.0,-0.0927,0.0927,69.6124,0.8476
10,40.0,1.5,1.0,0.0,-1227.6641,1227.6641,0.0,0.0
10,40.0,1.5,1.0,0.25,-12.5689,12.5689,65.8565,0.8305
10,40.0,1.5,1.0,0.5,-0.2364,0.2364,66.5614,0.8339
10,40.0,1.5,1.0,0.75,-0.1016,0.1016,66.5939,0.834
10,40.0,1.5,1.0,1.0,-0.1,0.1,66.619,0.8341
10,40.0,1.5,1.0,1.25,-0.1,0.1,66.644,0.8342
10,40.0,1.5,1.0,1.5,-0.1,0.1,66.669,0.8344
10,40.0,1.5,1.0,1.75,-0.1,0.1,66.694,0.8345
10,40.0,1.5,1.0,2.0,-0.1,0.1,66.719,0.8346
10,40.0,1.5,1.0,2.25,-0.1,0.1,66.744,0.8347
10,40.0,1.5,1.0,2.5,-0.1,0.1,66.769,0.8348
10,40.0,1.5,1.0,2.75,-0.1,0.1,66.794,0.8349
10,40.0,1.5,1.0,3.0,-0.1,0.1,66.819,0.8351
10,40.0,1.5,1.0,3.25,-0.1,0.1,66.844,0.8352
10,40.0,1.5,1.0,3.5,-0.1,0.1,66.869,0.8353
10,40.0,1.5,1.0,3.75,-0.1,0.1,66.894,0.8354
10,40.0,1.5,1.0,4.0,-0.1,0.1,66.919,0.8355
10,40.0,1.5,1.0,4.25,-0.1,0.1,66.944,0.8356
10,40.0,1.5,1.0,4.5,-0.1,0.1,66.969,0.8358
10,40.0,1.5,1.0,4.75,-0.1,0.1,66.994,0.8359
10,40.0,1.5,1.0,5.0,-0.1,0.1,67.019,0.836
10,40.0,1.5,1.0,5.25,-0.1,0.1,67.044,0.8361
10,40.0,1.5,1.0,5.5,-0.1,0.1,67.069,0.8362
10,40.0,1.5,1.0,5.75,-0.1,0.1,67.094,0.8363
10,40.0,1.5,1.0,6.0,-0.1,0.1,67.119,0.8364
10,40.0,1.5,1.0,6.25,-0.1,0.1,67.144,0.8366
10,40.0,1.5,1.0,6.5,-0.1,0.1,67.169,0.8367
10,40.0,1.5,1.0,6.75,-0.1,0.1,67.194,0.8368
10,40.0,1.5,1.0,7.0,-0.1,0.1,67.219,0.8369
10,40.0,1.5,1.0,7.25,-0.1,0.1,67.244,0.837
10,40.0,1.5,1.0,7.5,-0.1,0.1,67.269,0.8371
10,40.0,1.5,1.0,7.75,-0.1,0.1,67.294,0.8372
10,40.0,1.5,1.0,8.0,-0.1,0.1,67.319,0.8374
10,40.0,1.5,1.0,8.25,-0.1,0.1,67.344,0.8375
10,40.0,1.5,1.0,8.5,-0.1,0.1,67.369,0.8376
10,40.0,1.5,1.0,8.75,-0.1,0.1,67.394,0.8377
10,40.0,1.5,1.0,9.0,-0.1,0.1,67.419,0.8378
10,40.0,1.5,1.0,9.25,-0.1,0.1,67.444,0.8379
10,40.0,1.5,1.0,9.5,-0.1,0.1,67.469,0.8381
10,40.0,1.5,1.0,9.75,-0.1,0.1,67.494,0.8382
10,40.0,1.5,1.0,10.0,-0.1,0.1,67.519,0.8383
10,40.0,1.5,1.0,10.25,-0.1,0.1,67.544,0.8384
10,40.0,1.5,1.0,10.5,-0.1,0.1,67.569,0.8385
10,40.0,1.5,1.0,10.75,-0.1,0.1,67.594,0.8386
10,40.0,1.5,1.0,11.0,-0.1,0.1,67.619,0.8387
10,40.0,1.5,1.0,11.25,-0.1,0.1,67.644,0.8388
10,40.0,1.5,1.0,11.5,-0.1,0.1,67.669,0.839
10,40.0,1.5,1.0,11.75,-0.1,0.1,67.694,0.8391
10,40.0,1.5,1.0,12.0,-0.1,0.1,67.719,0.8392
10,40.0,1.5,1.0,12.25,-0.1,0.1,67.744,0.8393
10,40.0,1.5,1.0,12.5,-0.1,0.1,67.769,0.8394
10,40.0,1.5,1.0,12.75,-0.1,0.1,67.794,0.8395
10,40.0,1.5,1.0,13.0,-0.1,0.1,67.819,0.8396
10,40.0,1.5,1.0,13.25,-0.1,0.1,67.844,0.8398
10,40.0,1.5,1.0,13.5,-0.1,0.1,67.869,0.8399
10,40.0,1.5,1.0,13.75,-0.1,0.1,67.894,0.84
10,40.0,1.5,1.0,14.0,-0.1,0.1,67.919,0.8401
10,40.0,1.5,1.0,14.25,-0.1,0.1,67.944,0.8402
10,40.0,1.5,1.0,14.5,-0.1,0.1,67.969,0.8403
10,40.0,1.5,1.0,14.75,-0.1,0.1,67.994,0.8404
10,40.0,1.5,1.0,15.0,-0.1,0.1,68.019,0.8405
11,40.0,0.1,1.5,0.0,-1216.0786,1216.0786,0.0,0.0
11,40.0,0.1,1.5,0.25,-23.8888,23.8888,64.2135,0.8225
11,40.0,0.1,1.5,0.5,-14.6308,14.6308,68.3784,0.8422
11,40.0,0.1,1.5,0.75,-13.8692,13.8692,71.9355,0.8573
11,40.0,0.1,1.5,1.0,-13.2018,13.2018,75.3187,0.8704
11,40.0,0.1,1.5,1.25,-12.5669,12.5669,78.5391,0.8819
11,40.0,0.1,1.5,1.5,-11.9626,11.9626,81.6047,0.8919
11,40.0,0.1,1.5,1.75,-11.3873,11.3873,84.5228,0.9007
11,40.0,0.1,1.5,2.0,-10.8397,10.8397,87.3007,0.9084
11,40.0,0.1,1.5,2.25,-10.3185,10.3185,89.9449,0.9153
11,40.0,0.1,1.5,2.5,-9.8223,9.8223,92.462,0.9213
11,40.0,0.1,1.5,2.75,-9.3499,9.3499,94.858,0.9267
11,40.0,0.1,1.5,3.0,-8.9003,8.9003,97.1388,0.9316
11,40.0,0.1,1.5,3.25,-8.4723,8.4723,99.3099,0.9359
11,40.0,0.1,1.5,3.5,-8.0648,8.0648,101.3767,0.9398
11,40.0,0.1,1.5,3.75,-7.677,7.677,103.344,0.9433
11,40.0,0.1,1.5,4.0,-7.3078,7.3078,105.2167,0.9464
11,40.0,0.1,1.5,4.25,-6.9564,6.9564,106.9994,0.9493
11,40.0,0.1,1.5,4.5,-6.6219,6.6219,108.6963,0.9518
11,40.0,0.1,1.5,4.75,-6.3034,6.3034,110.3117,0.9542
11,40.0,0.1,1.5,5.0,-6.0003,6.0003,111.8493,0.9563
11,40.0,0.1,1.5,5.25,-5.7118,5.7118,113.3131,0.9583
11,40.0,0.1,1.5,5.5,-5.4371,5.4371,114.7064,0.9601
11,40.0,0.1,1.5,5.75,-5.1756,5.1756,116.0327,0.9617
11,40.0,0.1,1.5,6.0,-4.9267,4.9267,117.2952,0.9632
11,40.0,0.1,1.5,6.25,-4.6898,4.6898,118.4971,0.9646
11,40.0,0.1,1.5,6.5,-4.4643,4.4643,119.6411,0.9658
11,40.0,0.1,1.5,6.75,-4.2496,4.2496,120.7301,0.967
11,40.0,0.1,1.5,7.0,-4.0452,4.0452,121.7668,0.9681
11,40.0,0.1,1.5,7.25,-3.8507,3.8507,122.7535,0.9691
11,40.0,0.1,1.5,7.5,-3.6655,3.6655,123.6929,0.97
11,40.0,0.1,1.5,7.75,-3.4893,3.4893,124.5871,0.9708
11,40.0,0.1,1.5,8.0,-3.3215,3.3215,125.4382,0.9716
11,40.0,0.1,1.5,8.25,-3.1617,3.1617,126.2485,0.9724
11,40.0,0.1,1.5,8.5,-3.0097,3.0097,127.0197,0.9731
11,40.0,0.1,1.5,8.75,-2.865,2.865,127.7539,0.9737
11,40.0,0.1,1.5,9.0,-2.7272,2.7272,128.4528,0.9743
11,40.0,0.1,1.5,9.25,-2.596,2.596,129.1181,0.9748
11,40.0,0.1,1.5,9.5,-2.4712,2.4712,129.7513,0.9754
11,40.0,0.1,1.5,9.75,-2.3524,2.3524,130.3542,0.9759
11,40.0,0.1,1.5,10.0,-2.2392,2.2392,130.928,0.9763
11,40.0,0.1,1.5,10.25,-2.1316,2.1316,131.4742,0.9767
11,40.0,0.1,1.5,10.5,-2.029,2.029,131.9942,0.9771
11,40.0,0.1,1.5,10.75,-1.9315,1.9315,132.4892,0.9775
11,40.0,0.1,1.5,11.0,-1.8386,1.8386,132.9603,0.9779
11,40.0,0.1,1.5,11.25,-1.7502,1.7502,133.4088,0.9782
11,40.0,0.1,1.5,11.5,-1.666,1.666,133.8358,0.9785
11,40.0,0.1,1.5,11.75,-1.5859,1.5859,134.2422,0.9788
11,40.0,0.1,1.5,12.0,-1.5096,1.5096,134.629,0.9791
11,40.0,0.1,1.5,12.25,-1.437,1.437,134.9973,0.9793
11,40.0,0.1,1.5,12.5,-1.3679,1.3679,135.3478,0.9796
11,40.0,0.1,1.5,12.75,-1.3021,1.3021,135.6815,0.9798
11,40.0,0.1,1.5,13.0,-1.2395,1.2395,135.9992,0.98
11,40.0,0.1,1.5,13.25,-1.1799,1.1799,136.3015,0.9802
11,40.0,0.1,1.5,13.5,-1.1232,1.1232,136.5894,0.9804
11,40.0,0.1,1.5,13.75,-1.0692,1.0692,136.8634,0.9806
11,40.0,0.1,1.5,14.0,-1.0177,1.0177,137.1242,0.9807
11,40.0,0.1,1.5,14.25,-0.9688,0.9688,137.3724,0.9809
11,40.0,0.1,1.5,14.5,-0.9222,0.9222,137.6088,0.9811
11,40.0,0.1,1.5,14.75,-0.8779,0.8779,137.8337,0.9812
11,40.0,0.1,1.5,15.0,-0.8357,0.8357,138.0479,0.9813
12,40.0,1.0,3.1,0.0,-290.9088,290.9088,0.0,0.0
12,40.0,1.0,3.1,0.25,-227.0914,227.0914,64.4115,0.8235
12,40.0,1.0,3.1,0.5,-177.5827,177.5827,114.7353,0.9601
12,40.0,1.0,3.1,0.75,-139.0963,139.0963,154.1192,0.9894
12,40.0,1.0,3.1,1.0,-109.1202,109.1202,184.991,0.9969
12,40.0,1.0,3.1,1.25,-85.7293,85.7293,209.2269,0.999
12,40.0,1.0,3.1,1.5,-67.4447,67.4447,228.2803,0.9997
12,40.0,1.0,3.1,1.75,-53.1278,53.1278,243.2792,0.9999
12,40.0,1.0,3.1,2.0,-41.9001,41.9001,255.1011,1.0
12,40.0,1.0,3.1,2.25,-33.0819,33.0819,264.4296,1.0
12,40.0,1.0,3.1,2.5,-26.1464,26.1464,271.7986,1.0
12,40.0,1.0,3.1,2.75,-20.6847,20.6847,277.6254,1.0
12,40.0,1.0,3.1,3.0,-16.3784,16.3784,282.237,1.0
12,40.0,1.0,3.1,3.25,-12.9791,12.9791,285.89,1.0
12,40.0,1.0,3.1,3.5,-10.2931,10.2931,288.7859,1.0
12,40.0,1.0,3.1,3.75,-8.1686,8.1686,291.0833,1.0
12,40.0,1.0,3.1,4.0,-6.4867,6.4867,292.907,1.0
12,40.0,1.0,3.1,4.25,-5.1541,5.1541,294.3557,1.0
12,40.0,1.0,3.1,4.5,-4.0975,4.0975,295.507,1.0
12,40.0,1.0,3.1,4.75,-3.2591,3.2591,296.4226,1.0
12,40.0,1.0,3.1,5.0,-2.5934,2.5934,297.1509,1.0
12,40.0,1.0,3.1,5.25,-2.0645,2.0645,297.7307,1.0
12,40.0,1.0,3.1,5.5,-1.6441,1.6441,298.1922,1.0
12,40.0,1.0,3.1,5.75,-1.3098,1.3098,298.5599,1.0
12,40.0,1.0,3.1,6.0,-1.0438,1.0438,298.8528,1.0
12,40.0,1.0,3.1,6.25,-0.8321,0.8321,299.0863,1.0
12,40.0,1.0,3.1,6.5,-0.6635,0.6635,299.2724,1.0
12,40.0,1.0,3.1,6.75,-0.5291,0.5291,299.4209,1.0
12,40.0,1.0,3.1,7.0,-0.4221,0.4221,299.5393,1.0
12,40.0,1.0,3.1,7.25,-0.3368,0.3368,299.6338,1.0
12,40.0,1.0,3.1,7.5,-0.2688,0.2688,299.7091,1.0
12,40.0,1.0,3.1,7.75,-0.2146,0.2146,299.7693,1.0
12,40.0,1.0,3.1,8.0,-0.1713,0.1713,299.8174,1.0
12,40.0,1.0,3.1,8.25,-0.1368,0.1368,299.8557,1.0
12,40.0,1.0,3.1,8.5,-0.1093,0.1093,299.8864,1.0
12,40.0,1.0,3.1,8.75,-0.0873,0.0873,299.9108,1.0
12,40.0,1.0,3.1,9.0,-0.0698,0.0698,299.9304,1.0
12,40.0,1.0,3.1,9.25,-0.0558,0.0558,299.946,1.0
12,40.0,1.0,3.1,9.5,-0.0446,0.0446,299.9585,1.0
12,40.0,1.0,3.1,9.75,-0.0357,0.0357,299.9685,1.0
12,40.0,1.0,3.1,10.0,-0.0286,0.0286,299.9765,1.0
12,40.0,1.0,3.1,10.25,-0.0229,0.0229,299.9829,1.0
12,40.0,1.0,3.1,10.5,-0.0183,0.0183,299.9881,1.0
12,40.0,1.0,3.1,10.75,-0.0147,0.0147,299.9922,1.0
12,40.0,1.0,3.1,11.0,-0.0118,0.0118,299.9955,1.0
12,40.0,1.0,3.1,11.25,-0.0095,0.0095,299.9981,1.0
12,40.0,1.0,3.1,11.5,-0.0076,0.0076,300.0003,1.0
12,40.0,1.0,3.1,11.75,-0.0062,0.0062,300.002,1.0
12,40.0,1.0,3.1,12.0,-0.005,0.005,300.0034,1.0
12,40.0,1.0,3.1,12.25,-0.004,0.004,300.0045,1.0
12,40.0,1.0,3.1,12.5,-0.0033,0.0033,300.0054,1.0
12,40.0,1.0,3.1,12.75,-0.0027,0.0027,300.0061,1.0
12,40.0,1.0,3.1,13.0,-0.0022,0.0022,300.0067,1.0
12,40.0,1.0,3.1,13.25,-0.0018,0.0018,300.0072,1.0
12,40.0,1.0,3.1,13.5,-0.0015,0.0015,300.0076,1.0
12,40.0,1.0,3.1,13.75,-0.0013,0.0013,300.008,1.0
12,40.0,1.0,3.1,14.0,-0.0011,0.0011,300.0083,1.0
12,40.0,1.0,3.1,14.25,-0.0009,0.0009,300.0085,1.0
12,40.0,1.0,3.1,14.5,-0.0008,0.0008,300.0087,1.0
12,40.0,1.0,3.1,14.75,-0.0007,0.0007,300.0089,1.0
12,40.0,1.0,3.1,15.0,-0.0006,0.0006,300.0091,1.0
13,40.0,0.5,1.5,0.0,-480.5127,480.5127,0.0,0.0
13,40.0,0.5,1.5,0.25,-135.2804,135.2804,66.8181,0.8351
13,40.0,0.5,1.5,0.5,-50.3395,50.3395,87.7715,0.9097
13,40.0,0.5,1.5,0.75,-24.5727,24.5727,96.589,0.9304
13,40.0,0.5,1.5,1.0,-14.1095,14.1095,101.2622,0.9396
13,40.0,0.5,1.5,1.25,-8.6933,8.6933,104.0484,0.9445
13,40.0,0.5,1.5,1.5,-5.5051,5.5051,105.7905,0.9473
13,40.0,0.5,1.5,1.75,-3.529,3.529,106.9007,0.9491
13,40.0,0.5,1.5,2.0,-2.2815,2.2815,107.6152,0.9502
13,40.0,0.5,1.5,2.25,-1.4892,1.4892,108.0791,0.9509
13,40.0,0.5,1.5,2.5,-0.9849,0.9849,108.3836,0.9514
13,40.0,0.5,1.5,2.75,-0.6638,0.6638,108.5867,0.9517
13,40.0,0.5,1.5,3.0,-0.4592,0.4592,108.7252,0.9519
13,40.0,0.5,1.5,3.25,-0.3288,0.3288,108.8225,0.952
13,40.0,0.5,1.5,3.5,-0.2458,0.2458,108.8935,0.9521
13,40.0,0.5,1.5,3.75,-0.1929,0.1929,108.9479,0.9522
13,40.0,0.5,1.5,4.0,-0.1592,0.1592,108.9915,0.9523
13,40.0,0.5,1.5,4.25,-0.1377,0.1377,109.0285,0.9523
13,40.0,0.5,1.5,4.5,-0.124,0.124,109.061,0.9524
13,40.0,0.5,1.5,4.75,-0.1153,0.1153,109.0909,0.9524
13,40.0,0.5,1.5,5.0,-0.1098,0.1098,109.119,0.9525
13,40.0,0.5,1.5,5.25,-0.1062,0.1062,109.1459,0.9525
13,40.0,0.5,1.5,5.5,-0.104,0.104,109.1722,0.9525
13,40.0,0.5,1.5,5.75,-0.1025,0.1025,109.198,0.9526
13,40.0,0.5,1.5,6.0,-0.1016,0.1016,109.2235,0.9526
13,40.0,0.5,1.5,6.25,-0.101,0.101,109.2488,0.9527
13,40.0,0.5,1.5,6.5,-0.1007,0.1007,109.274,0.9527
13,40.0,0.5,1.5,6.75,-0.1004,0.1004,109.2991,0.9527
13,40.0,0.5,1.5,7.0,-0.1003,0.1003,109.3242,0.9528
13,40.0,0.5,1.5,7.25,-0.1002,0.1002,109.3493,0.9528
13,40.0,0.5,1.5,7.5,-0.1001,0.1001,109.3743,0.9528
13,40.0,0.5,1.5,7.75,-0.1001,0.1001,109.3993,0.9529
13,40.0,0.5,1.5,8.0,-0.1,0.1,109.4243,0.9529
13,40.0,0.5,1.5,8.25,-0.1,0.1,109.4493,0.9529
13,40.0,0.5,1.5,8.5,-0.1,0.1,109.4744,0.953
13,40.0,0.5,1.5,8.75,-0.1,0.1,109.4994,0.953
13,40.0,0.5,1.5,9.0,-0.1,0.1,109.5244,0.9531
13,40.0,0.5,1.5,9.25,-0.1,0.1,109.5494,0.9531
13,40.0,0.5,1.5,9.5,-0.1,0.1,109.5744,0.9531
13,40.0,0.5,1.5,9.75,-0.1,0.1,109.5994,0.9532
13,40.0,0.5,1.5,10.0,-0.1,0.1,109.6244,0.9532
13,40.0,0.5,1.5,10.25,-0.1,0.1,109.6494,0.9532
13,40.0,0.5,1.5,10.5,-0.1,0.1,109.6744,0.9533
13,40.0,0.5,1.5,10.75,-0.1,0.1,109.6994,0.9533
13,40.0,0.5,1.5,11.0,-0.1,0.1,109.7244,0.9533
13,40.0,0.5,1.5,11.25,-0.1,0.1,109.7494,0.9534
13,40.0,0.5,1.5,11.5,-0.1,0.1,109.7744,0.9534
13,40.0,0.5,1.5,11.75,-0.1,0.1,109.7994,0.9535
13,40.0,0.5,1.5,12.0,-0.1,0.1,109.8244,0.9535
13,40.0,0.5,1.5,12.25,-0.1,0.1,109.8494,0.9535
13,40.0,0.5,1.5,12.5,-0.1,0.1,109.8744,0.9536
13,40.0,0.5,1.5,12.75,-0.1,0.1,109.8994,0.9536
13,40.0,0.5,1.5,13.0,-0.1,0.1,109.9244,0.9536
13,40.0,0.5,1.5,13.25,-0.1,0.1,109.9494,0.9537
13,40.0,0.5,1.5,13.5,-0.1,0.1,109.9744,0.9537
13,40.0,0.5,1.5,13.75,-0.1,0.1,109.9994,0.9537
13,40.0,0.5,1.5,14.0,-0.1,0.1,110.0244,0.9538
13,40.0,0.5,1.5,14.25,-0.1,0.1,110.0494,0.9538
13,40.0,0.5,1.5,14.5,-0.1,0.1,110.0744,0.9538
13,40.0,0.5,1.5,14.75,-0.1,0.1,110.0994,0.9539
13,40.0,0.5,1.5,15.0,-0.1,0.1,110.1244,0.9539
14,40.0,1.0,1.5,0.0,-424.3359,424.3359,0.0,0.0
14,40.0,1.0,1.5,0.25,-153.2789,153.2789,60.3755,0.8024
14,40.0,1.0,1.5,0.5,-79.0297,79.0297,88.3482,0.9112
14,40.0,1.0,1.5,0.75,-41.0062,41.0062,102.8354,0.9424
14,40.0,1.0,1.5,1.0,-21.3018,21.3018,110.3561,0.9543
14,40.0,1.0,1.5,1.25,-11.0889,11.0889,114.2661,0.9595
14,40.0,1.0,1.5,1.5,-5.7956,5.7956,116.3047,0.962
14,40.0,1.0,1.5,1.75,-3.052,3.052,117.3733,0.9633
14,40.0,1.0,1.5,2.0,-1.63,1.63,117.9393,0.9639
14,40.0,1.0,1.5,2.25,-0.893,0.893,118.2446,0.9643
14,40.0,1.0,1.5,2.5,-0.511,0.511,118.4149,0.9645
14,40.0,1.0,1.5,2.75,-0.313,0.313,118.5153,0.9646
14,40.0,1.0,1.5,3.0,-0.2104,0.2104,118.5793,0.9647
14,40.0,1.0,1.5,3.25,-0.1572,0.1572,118.6245,0.9647
14,40.0,1.0,1.5,3.5,-0.1297,0.1297,118.66,0.9647
14,40.0,1.0,1.5,3.75,-0.1154,0.1154,118.6905,0.9648
14,40.0,1.0,1.5,4.0,-0.108,0.108,118.7183,0.9648
14,40.0,1.0,1.5,4.25,-0.1041,0.1041,118.7447,0.9648
14,40.0,1.0,1.5,4.5,-0.1021,0.1021,118.7705,0.9649
14,40.0,1.0,1.5,4.75,-0.1011,0.1011,118.7959,0.9649
14,40.0,1.0,1.5,5.0,-0.1006,0.1006,118.8211,0.9649
14,40.0,1.0,1.5,5.25,-0.1003,0.1003,118.8462,0.965
14,40.0,1.0,1.5,5.5,-0.1002,0.1002,118.8712,0.965
14,40.0,1.0,1.5,5.75,-0.1001,0.1001,118.8963,0.965
14,40.0,1.0,1.5,6.0,-0.1,0.1,118.9213,0.965
14,40.0,1.0,1.5,6.25,-0.1,0.1,118.9463,0.9651
14,40.0,1.0,1.5,6.5,-0.1,0.1,118.9713,0.9651
14,40.0,1.0,1.5,6.75,-0.1,0.1,118.9963,0.9651
14,40.0,1.0,1.5,7.0,-0.1,0.1,119.0213,0.9651
14,40.0,1.0,1.5,7.25,-0.1,0.1,119.0463,0.9652
14,40.0,1.0,1.5,7.5,-0.1,0.1,119.0713,0.9652
14,40.0,1.0,1.5,7.75,-0.1,0.1,119.0963,0.9652
14,40.0,1.0,1.5,8.0,-0.1,0.1,119.1213,0.9653
14,40.0,1.0,1.5,8.25,-0.1,0.1,119.1463,0.9653
14,40.0,1.0,1.5,8.5,-0.1,0.1,119.1713,0.9653
14,40.0,1.0,1.5,8.75,-0.1,0.1,119.1963,0.9653
14,40.0,1.0,1.5,9.0,-0.1,0.1,119.2213,0.9654
14,40.0,1.0,1.5,9.25,-0.1,0.1,119.2463,0.9654
14,40.0,1.0,1.5,9.5,-0.1,0.1,119.2713,0.9654
14,40.0,1.0,1.5,9.75,-0.1,0.1,119.2963,0.9654
14,40.0,1.0,1.5,10.0,-0.1,0.1,119.3213,0.9655
14,40.0,1.0,1.5,10.25,-0.1,0.1,119.3463,0.9655
14,40.0,1.0,1.5,10.5,-0.1,0.1,119.3713,0.9655
14,40.0,1.0,1.5,10.75,-0.1,0.1,119.3963,0.9656
14,40.0,1.0,1.5,11.0,-0.1,0.1,119.4213,0.9656
14,40.0,1.0,1.5,11.25,-0.1,0.1,119.4463,0.9656
14,40.0,1.0,1.5,11.5,-0.1,0.1,119.4713,0.9656
14,40.0,1.0,1.5,11.75,-0.1,0.1,119.4963,0.9657
14,40.0,1.0,1.5,12.0,-0.1,0.1,119.5213,0.9657
14,40.0,1.0,1.5,12.25,-0.1,0.1,119.5463,0.9657
14,40.0,1.0,1.5,12.5,-0.1,0.1,119.5713,0.9658
14,40.0,1.0,1.5,12.75,-0.1,0.1,119.5963,0.9658
14,40.0,1.0,1.5,13.0,-0.1,0.1,119.6213,0.9658
14,40.0,1.0,1.5,13.25,-0.1,0.1,119.6463,0.9658
14,40.0,1.0,1.5,13.5,-0.1,0.1,119.6713,0.9659
14,40.0,1.0,1.5,13.75,-0.1,0.1,119.6963,0.9659
14,40.0,1.0,1.5,14.0,-0.1,0.1,119.7213,0.9659
14,40.0,1.0,1.5,14.25,-0.1,0.1,119.7463,0.9659
14,40.0,1.0,1.5,14.5,-0.1,0.1,119.7713,0.966
14,40.0,1.0,1.5,14.75,-0.1,0.1,119.7963,0.966
14,40.0,1.0,1.5,15.0,-0.1,0.1,119.8213,0.966
15,40.0,1.5,1.5,0.0,-480.5529,480.5529,0.0,0.0
15,40.0,1.5,1.5,0.25,-133.9765,133.9765,66.3368,0.8328
15,40.0,1.5,1.5,0.5,-51.8068,51.8068,87.3469,0.9085
15,40.0,1.5,1.5,0.75,-26.9813,26.9813,96.6801,0.9306
15,40.0,1.5,1.5,1.0,-16.4673,16.4673,101.9608,0.9408
15,40.0,1.5,1.5,1.25,-10.6808,10.6808,105.2929,0.9465
15,40.0,1.5,1.5,1.5,-7.0752,7.0752,107.4794,0.95
15,40.0,1.5,1.5,1.75,-4.7262,4.7262,108.9342,0.9522
15,40.0,1.5,1.5,2.0,-3.1739,3.1739,109.9084,0.9536
15,40.0,1.5,1.5,2.25,-2.1437,2.1437,110.5644,0.9545
15,40.0,1.5,1.5,2.5,-1.4589,1.4589,111.0089,0.9552
15,40.0,1.5,1.5,2.75,-1.0037,1.0037,111.3128,0.9556
15,40.0,1.5,1.5,3.0,-0.7009,0.7009,111.5234,0.9559
15,40.0,1.5,1.5,3.25,-0.4996,0.4996,111.6717,0.9561
15,40.0,1.5,1.5,3.5,-0.3657,0.3657,111.7787,0.9562
15,40.0,1.5,1.5,3.75,-0.2767,0.2767,111.8583,0.9563
15,40.0,1.5,1.5,4.0,-0.2175,0.2175,111.9196,0.9564
15,40.0,1.5,1.5,4.25,-0.1781,0.1781,111.9687,0.9565
15,40.0,1.5,1.5,4.5,-0.152,0.152,112.0097,0.9565
15,40.0,1.5,1.5,4.75,-0.1346,0.1346,112.0454,0.9566
15,40.0,1.5,1.5,5.0,-0.123,0.123,112.0775,0.9566
15,40.0,1.5,1.5,5.25,-0.1153,0.1153,112.1072,0.9567
15,40.0,1.5,1.5,5.5,-0.1102,0.1102,112.1354,0.9567
15,40.0,1.5,1.5,5.75,-0.1068,0.1068,112.1624,0.9567
15,40.0,1.5,1.5,6.0,-0.1045,0.1045,112.1888,0.9568
15,40.0,1.5,1.5,6.25,-0.103,0.103,112.2148,0.9568
15,40.0,1.5,1.5,6.5,-0.102,0.102,112.2404,0.9569
15,40.0,1.5,1.5,6.75,-0.1013,0.1013,112.2658,0.9569
15,40.0,1.5,1.5,7.0,-0.1009,0.1009,112.291,0.9569
15,40.0,1.5,1.5,7.25,-0.1006,0.1006,112.3162,0.957
15,40.0,1.5,1.5,7.5,-0.1004,0.1004,112.3413,0.957
15,40.0,1.5,1.5,7.75,-0.1003,0.1003,112.3664,0.957
15,40.0,1.5,1.5,8.0,-0.1002,0.1002,112.3915,0.9571
15,40.0,1.5,1.5,8.25,-0.1001,0.1001,112.4165,0.9571
15,40.0,1.5,1.5,8.5,-0.1001,0.1001,112.4415,0.9571
15,40.0,1.5,1.5,8.75,-0.1001,0.1001,112.4666,0.9572
15,40.0,1.5,1.5,9.0,-0.1,0.1,112.4916,0.9572
15,40.0,1.5,1.5,9.25,-0.1,0.1,112.5166,0.9572
15,40.0,1.5,1.5,9.5,-0.1,0.1,112.5416,0.9573
15,40.0,1.5,1.5,9.75,-0.1,0.1,112.5666,0.9573
15,40.0,1.5,1.5,10.0,-0.1,0.1,112.5916,0.9573
15,40.0,1.5,1.5,10.25,-0.1,0.1,112.6166,0.9574
15,40.0,1.5,1.5,10.5,-0.1,0.1,112.6416,0.9574
15,40.0,1.5,1.5,10.75,-0.1,0.1,112.6666,0.9574
15,40.0,1.5,1.5,11.0,-0.1,0.1,112.6916,0.9575
15,40.0,1.5,1.5,11.25,-0.1,0.1,112.7166,0.9575
15,40.0,1.5,1.5,11.5,-0.1,0.1,112.7416,0.9575
15,40.0,1.5,1.5,11.75,-0.1,0.1,112.7666,0.9576
15,40.0,1.5,1.5,12.0,-0.1,0.1,112.7916,0.9576
15,40.0,1.5,1.5,12.25,-0.1,0.1,112.8166,0.9576
15,40.0,1.5,1.5,12.5,-0.1,0.1,112.8416,0.9577
15,40.0,1.5,1.5,12.75,-0.1,0.1,112.8666,0.9577
15,40.0,1.5,1.5,13.0,-0.1,0.1,112.8916,0.9577
15,40.0,1.5,1.5,13.25,-0.1,0.1,112.9166,0.9578
15,40.0,1.5,1.5,13.5,-0.1,0.1,112.9416,0.9578
15,40.0,1.5,1.5,13.75,-0.1,0.1,112.9666,0.9578
15,40.0,1.5,1.5,14.0,-0.1,0.1,112.9916,0.9579
15,40.0,1.5,1.5,14.25,-0.1,0.1,113.0166,0.9579
15,40.0,1.5,1.5,14.5,-0.1,0.1,113.0416,0.9579
15,40.0,1.5,1.5,14.75,-0.1,0.1,113.0666,0.958
15,40.0,1.5,1.5,15.0,-0.1,0.1,113.0916,0.958
16,40.0,1.5,3.1,0.0,-812.3901,812.3901,0.0,0.0
16,40.0,1.5,3.1,0.25,-195.0297,195.0297,106.0727,0.9478
16,40.0,1.5,3.1,0.5,-58.4386,58.4386,133.9708,0.9786
16,40.0,1.5,3.1,0.75,-20.2531,20.2531,142.9026,0.9842
16,40.0,1.5,3.1,1.0,-7.5651,7.5651,146.1099,0.9859
16,40.0,1.5,3.1,1.25,-2.9467,2.9467,147.3308,0.9865
16,40.0,1.5,3.1,1.5,-1.1978,1.1978,147.8144,0.9867
16,40.0,1.5,3.1,1.75,-0.5252,0.5252,148.0166,0.9868
16,40.0,1.5,3.1,2.0,-0.2649,0.2649,148.1103,0.9868
16,40.0,1.5,3.1,2.25,-0.164,0.164,148.162,0.9869
16,40.0,1.5,3.1,2.5,-0.1249,0.1249,148.1973,0.9869
16,40.0,1.5,3.1,2.75,-0.1096,0.1096,148.2264,0.9869
16,40.0,1.5,3.1,3.0,-0.1037,0.1037,148.2529,0.9869
16,40.0,1.5,3.1,3.25,-0.1015,0.1015,148.2785,0.9869
16,40.0,1.5,3.1,3.5,-0.1006,0.1006,148.3038,0.9869
16,40.0,1.5,3.1,3.75,-0.1002,0.1002,148.3289,0.9869
16,40.0,1.5,3.1,4.0,-0.1001,0.1001,148.3539,0.9869
16,40.0,1.5,3.1,4.25,-0.1,0.1,148.3789,0.987
16,40.0,1.5,3.1,4.5,-0.1,0.1,148.4039,0.987
16,40.0,1.5,3.1,4.75,-0.1,0.1,148.4289,0.987
16,40.0,1.5,3.1,5.0,-0.1,0.1,148.4539,0.987
16,40.0,1.5,3.1,5.25,-0.1,0.1,148.4789,0.987
16,40.0,1.5,3.1,5.5,-0.1,0.1,148.5039,0.987
16,40.0,1.5,3.1,5.75,-0.1,0.1,148.5289,0.987
16,40.0,1.5,3.1,6.0,-0.1,0.1,148.5539,0.987
16,40.0,1.5,3.1,6.25,-0.1,0.1,148.5789,0.987
16,40.0,1.5,3.1,6.5,-0.1,0.1,148.6039,0.9871
16,40.0,1.5,3.1,6.75,-0.1,0.1,148.6289,0.9871
16,40.0,1.5,3.1,7.0,-0.1,0.1,148.6539,0.9871
16,40.0,1.5,3.1,7.25,-0.1,0.1,148.6789,0.9871
16,40.0,1.5,3.1,7.5,-0.1,0.1,148.7039,0.9871
16,40.0,1.5,3.1,7.75,-0.1,0.1,148.7289,0.9871
16,40.0,1.5,3.1,8.0,-0.1,0.1,148.7539,0.9871
16,40.0,1.5,3.1,8.25,-0.1,0.1,148.7789,0.9871
16,40.0,1.5,3.1,8.5,-0.1,0.1,148.8039,0.9871
16,40.0,1.5,3.1,8.75,-0.1,0.1,148.8289,0.9872
16,40.0,1.5,3.1,9.0,-0.1,0.1,148.8539,0.9872
16,40.0,1.5,3.1,9.25,-0.1,0.1,148.8789,0.9872
16,40.0,1.5,3.1,9.5,-0.1,0.1,148.9039,0.9872
16,40.0,1.5,3.1,9.75,-0.1,0.1,148.9289,0.9872
16,40.0,1.5,3.1,10.0,-0.1,0.1,148.9539,0.9872
16,40.0,1.5,3.1,10.25,-0.1,0.1,148.9789,0.9872
16,40.0,1.5,3.1,10.5,-0.1,0.1,149.0039,0.9872
16,40.0,1.5,3.1,10.75,-0.1,0.1,149.0289,0.9872
16,40.0,1.5,3.1,11.0,-0.1,0.1,149.0539,0.9873
16,40.0,1.5,3.1,11.25,-0.1,0.1,149.0789,0.9873
16,40.0,1.5,3.1,11.5,-0.1,0.1,149.1039,0.9873
16,40.0,1.5,3.1,11.75,-0.1,0.1,149.1289,0.9873
16,40.0,1.5,3.1,12.0,-0.1,0.1,149.1539,0.9873
16,40.0,1.5,3.1,12.25,-0.1,0.1,149.1789,0.9873
16,40.0,1.5,3.1,12.5,-0.1,0.1,149.2039,0.9873
16,40.0,1.5,3.1,12.75,-0.1,0.1,149.2289,0.9873
16,40.0,1.5,3.1,13.0,-0.1,0.1,149.2539,0.9874
16,40.0,1.5,3.1,13.25,-0.1,0.1,149.2789,0.9874
16,40.0,1.5,3.1,13.5,-0.1,0.1,149.3039,0.9874
16,40.0,1.5,3.1,13.75,-0.1,0.1,149.3289,0.9874
16,40.0,1.5,3.1,14.0,-0.1,0.1,149.3539,0.9874
16,40.0,1.5,3.1,14.25,-0.1,0.1,149.3789,0.9874
16,40.0,1.5,3.1,14.5,-0.1,0.1,149.4039,0.9874
16,40.0,1.5,3.1,14.75,-0.1,0.1,149.4289,0.9874
16,40.0,1.5,3.1,15.0,-0.1,0.1,149.4539,0.9874
