ponto_id,serie_teste,temperatura_c,malha_tyler,dp_medio_um,agitacao_rpm,ca0_g_l,tempo_min,conversao_zn_exp,termo_quimico_scm,termo_difusivo_scm,ca0_mol_l,volume_l,massa_solido_g,razao_molar_eta,categoria_efeito
PT_BAL_166,Efeito_Agitacao_1080rpm,30,-60 +100 #,180.00000,1080,4,0,0.00000,0.00000,0.00000,0.04080,1.00000,5.00000,1.50000,efeito_agitacao
PT_BAL_167,Efeito_Agitacao_1080rpm,30,-60 +100 #,180.00000,1080,4,1,0.10140,0.03500,0.00360,0.04080,1.00000,5.00000,1.50000,efeito_agitacao
PT_BAL_168,Efeito_Agitacao_1080rpm,30,-60 +100 #,180.00000,1080,4,2,0.15590,0.05490,0.00870,0.04080,1.00000,5.00000,1.50000,efeito_agitacao
PT_BAL_169,Efeito_Agitacao_1080rpm,30,-60 +100 #,180.00000,1080,4,3,0.19950,0.07150,0.01460,0.04080,1.00000,5.00000,1.50000,efeito_agitacao
PT_BAL_170,Efeito_Agitacao_1080rpm,30,-60 +100 #,180.00000,1080,4,5,0.27010,0.09960,0.02780,0.04080,1.00000,5.00000,1.50000,efeito_agitacao
PT_BAL_171,Efeito_Agitacao_1080rpm,30,-60 +100 #,180.00000,1080,4,8,0.35330,0.13520,0.04990,0.04080,1.00000,5.00000,1.50000,efeito_agitacao
PT_BAL_172,Efeito_Agitacao_1080rpm,30,-60 +100 #,180.00000,1080,4,10,0.39950,0.15630,0.06570,0.04080,1.00000,5.00000,1.50000,efeito_agitacao
PT_BAL_173,Efeito_Agitacao_1080rpm,30,-60 +100 #,180.00000,1080,4,15,0.49470,0.20350,0.10740,0.04080,1.00000,5.00000,1.50000,efeito_agitacao
PT_BAL_174,Efeito_Agitacao_1080rpm,30,-60 +100 #,180.00000,1080,4,20,0.57020,0.24530,0.15100,0.04080,1.00000,5.00000,1.50000,efeito_agitacao
PT_BAL_175,Efeito_Agitacao_1080rpm,30,-60 +100 #,180.00000,1080,4,25,0.63230,0.28360,0.19570,0.04080,1.00000,5.00000,1.50000,efeito_agitacao
PT_BAL_176,Efeito_Agitacao_1080rpm,30,-60 +100 #,180.00000,1080,4,30,0.68460,0.31930,0.24070,0.04080,1.00000,5.00000,1.50000,efeito_agitacao
PT_BAL_122,Efeito_Agitacao_270rpm,30,-60 +100 #,180.00000,270,4,0,0.00000,0.00000,0.00000,0.04080,1.00000,5.00000,1.50000,efeito_agitacao
PT_BAL_123,Efeito_Agitacao_270rpm,30,-60 +100 #,180.00000,270,4,1,0.03950,0.01330,0.00050,0.04080,1.00000,5.00000,1.50000,efeito_agitacao
PT_BAL_124,Efeito_Agitacao_270rpm,30,-60 +100 #,180.00000,270,4,2,0.06150,0.02090,0.00130,0.04080,1.00000,5.00000,1.50000,efeito_agitacao
PT_BAL_125,Efeito_Agitacao_270rpm,30,-60 +100 #,180.00000,270,4,3,0.07950,0.02720,0.00220,0.04080,1.00000,5.00000,1.50000,efeito_agitacao
PT_BAL_126,Efeito_Agitacao_270rpm,30,-60 +100 #,180.00000,270,4,5,0.10960,0.03800,0.00420,0.04080,1.00000,5.00000,1.50000,efeito_agitacao
PT_BAL_127,Efeito_Agitacao_270rpm,30,-60 +100 #,180.00000,270,4,8,0.14680,0.05150,0.00770,0.04080,1.00000,5.00000,1.50000,efeito_agitacao
PT_BAL_128,Efeito_Agitacao_270rpm,30,-60 +100 #,180.00000,270,4,10,0.16830,0.05960,0.01020,0.04080,1.00000,5.00000,1.50000,efeito_agitacao
PT_BAL_129,Efeito_Agitacao_270rpm,30,-60 +100 #,180.00000,270,4,15,0.21510,0.07750,0.01710,0.04080,1.00000,5.00000,1.50000,efeito_agitacao
PT_BAL_130,Efeito_Agitacao_270rpm,30,-60 +100 #,180.00000,270,4,20,0.25510,0.09350,0.02460,0.04080,1.00000,5.00000,1.50000,efeito_agitacao
PT_BAL_131,Efeito_Agitacao_270rpm,30,-60 +100 #,180.00000,270,4,25,0.29050,0.10810,0.03250,0.04080,1.00000,5.00000,1.50000,efeito_agitacao
PT_BAL_132,Efeito_Agitacao_270rpm,30,-60 +100 #,180.00000,270,4,30,0.32240,0.12170,0.04080,0.04080,1.00000,5.00000,1.50000,efeito_agitacao
PT_BAL_133,Efeito_Agitacao_510rpm,30,-60 +100 #,180.00000,510,4,0,0.00000,0.00000,0.00000,0.04080,1.00000,5.00000,1.50000,efeito_agitacao
PT_BAL_134,Efeito_Agitacao_510rpm,30,-60 +100 #,180.00000,510,4,1,0.06710,0.02290,0.00150,0.04080,1.00000,5.00000,1.50000,efeito_agitacao
PT_BAL_135,Efeito_Agitacao_510rpm,30,-60 +100 #,180.00000,510,4,2,0.10400,0.03590,0.00380,0.04080,1.00000,5.00000,1.50000,efeito_agitacao
PT_BAL_136,Efeito_Agitacao_510rpm,30,-60 +100 #,180.00000,510,4,3,0.13390,0.04680,0.00640,0.04080,1.00000,5.00000,1.50000,efeito_agitacao
PT_BAL_137,Efeito_Agitacao_510rpm,30,-60 +100 #,180.00000,510,4,5,0.18310,0.06520,0.01220,0.04080,1.00000,5.00000,1.50000,efeito_agitacao
PT_BAL_138,Efeito_Agitacao_510rpm,30,-60 +100 #,180.00000,510,4,8,0.24270,0.08850,0.02210,0.04080,1.00000,5.00000,1.50000,efeito_agitacao
PT_BAL_139,Efeito_Agitacao_510rpm,30,-60 +100 #,180.00000,510,4,10,0.27660,0.10230,0.02930,0.04080,1.00000,5.00000,1.50000,efeito_agitacao
PT_BAL_140,Efeito_Agitacao_510rpm,30,-60 +100 #,180.00000,510,4,15,0.34860,0.13310,0.04850,0.04080,1.00000,5.00000,1.50000,efeito_agitacao
PT_BAL_141,Efeito_Agitacao_510rpm,30,-60 +100 #,180.00000,510,4,20,0.40840,0.16050,0.06900,0.04080,1.00000,5.00000,1.50000,efeito_agitacao
PT_BAL_142,Efeito_Agitacao_510rpm,30,-60 +100 #,180.00000,510,4,25,0.45980,0.18560,0.09050,0.04080,1.00000,5.00000,1.50000,efeito_agitacao
PT_BAL_143,Efeito_Agitacao_510rpm,30,-60 +100 #,180.00000,510,4,30,0.50490,0.20890,0.11270,0.04080,1.00000,5.00000,1.50000,efeito_agitacao
PT_BAL_144,Efeito_Agitacao_660rpm,30,-60 +100 #,180.00000,660,4,0,0.00000,0.00000,0.00000,0.04080,1.00000,5.00000,1.50000,efeito_agitacao
PT_BAL_145,Efeito_Agitacao_660rpm,30,-60 +100 #,180.00000,660,4,1,0.08310,0.02850,0.00240,0.04080,1.00000,5.00000,1.50000,efeito_agitacao
PT_BAL_146,Efeito_Agitacao_660rpm,30,-60 +100 #,180.00000,660,4,2,0.12830,0.04470,0.00580,0.04080,1.00000,5.00000,1.50000,efeito_agitacao
PT_BAL_147,Efeito_Agitacao_660rpm,30,-60 +100 #,180.00000,660,4,3,0.16470,0.05820,0.00980,0.04080,1.00000,5.00000,1.50000,efeito_agitacao
PT_BAL_148,Efeito_Agitacao_660rpm,30,-60 +100 #,180.00000,660,4,5,0.22430,0.08120,0.01870,0.04080,1.00000,5.00000,1.50000,efeito_agitacao
PT_BAL_149,Efeito_Agitacao_660rpm,30,-60 +100 #,180.00000,660,4,8,0.29540,0.11020,0.03370,0.04080,1.00000,5.00000,1.50000,efeito_agitacao
PT_BAL_150,Efeito_Agitacao_660rpm,30,-60 +100 #,180.00000,660,4,10,0.33550,0.12740,0.04450,0.04080,1.00000,5.00000,1.50000,efeito_agitacao
PT_BAL_151,Efeito_Agitacao_660rpm,30,-60 +100 #,180.00000,660,4,15,0.41940,0.16580,0.07330,0.04080,1.00000,5.00000,1.50000,efeito_agitacao
PT_BAL_152,Efeito_Agitacao_660rpm,30,-60 +100 #,180.00000,660,4,20,0.48770,0.19990,0.10390,0.04080,1.00000,5.00000,1.50000,efeito_agitacao
PT_BAL_153,Efeito_Agitacao_660rpm,30,-60 +100 #,180.00000,660,4,25,0.54530,0.23100,0.13550,0.04080,1.00000,5.00000,1.50000,efeito_agitacao
PT_BAL_154,Efeito_Agitacao_660rpm,30,-60 +100 #,180.00000,660,4,30,0.59500,0.26010,0.16780,0.04080,1.00000,5.00000,1.50000,efeito_agitacao
PT_BAL_155,Efeito_Agitacao_840rpm,30,-60 +100 #,180.00000,840,4,0,0.00000,0.00000,0.00000,0.04080,1.00000,5.00000,1.50000,efeito_agitacao
PT_BAL_156,Efeito_Agitacao_840rpm,30,-60 +100 #,180.00000,840,4,1,0.10140,0.03500,0.00360,0.04080,1.00000,5.00000,1.50000,efeito_agitacao
PT_BAL_157,Efeito_Agitacao_840rpm,30,-60 +100 #,180.00000,840,4,2,0.15590,0.05490,0.00870,0.04080,1.00000,5.00000,1.50000,efeito_agitacao
PT_BAL_158,Efeito_Agitacao_840rpm,30,-60 +100 #,180.00000,840,4,3,0.19950,0.07150,0.01460,0.04080,1.00000,5.00000,1.50000,efeito_agitacao
PT_BAL_159,Efeito_Agitacao_840rpm,30,-60 +100 #,180.00000,840,4,5,0.27010,0.09960,0.02780,0.04080,1.00000,5.00000,1.50000,efeito_agitacao
PT_BAL_160,Efeito_Agitacao_840rpm,30,-60 +100 #,180.00000,840,4,8,0.35330,0.13520,0.04990,0.04080,1.00000,5.00000,1.50000,efeito_agitacao
PT_BAL_161,Efeito_Agitacao_840rpm,30,-60 +100 #,180.00000,840,4,10,0.39950,0.15630,0.06570,0.04080,1.00000,5.00000,1.50000,efeito_agitacao
PT_BAL_162,Efeito_Agitacao_840rpm,30,-60 +100 #,180.00000,840,4,15,0.49470,0.20350,0.10740,0.04080,1.00000,5.00000,1.50000,efeito_agitacao
PT_BAL_163,Efeito_Agitacao_840rpm,30,-60 +100 #,180.00000,840,4,20,0.57020,0.24530,0.15100,0.04080,1.00000,5.00000,1.50000,efeito_agitacao
PT_BAL_164,Efeito_Agitacao_840rpm,30,-60 +100 #,180.00000,840,4,25,0.63230,0.28360,0.19570,0.04080,1.00000,5.00000,1.50000,efeito_agitacao
PT_BAL_165,Efeito_Agitacao_840rpm,30,-60 +100 #,180.00000,840,4,30,0.68460,0.31930,0.24070,0.04080,1.00000,5.00000,1.50000,efeito_agitacao
PT_BAL_067,Efeito_Granulo_-100+150#,30,-100 +150 #,126.00000,840,4,0,0.00000,0.00000,0.00000,0.04080,1.00000,5.00000,1.50000,efeito_granulometria
PT_BAL_068,Efeito_Granulo_-100+150#,30,-100 +150 #,126.00000,840,4,1,0.12450,0.04340,0.00550,0.04080,1.00000,5.00000,1.50000,efeito_granulometria
PT_BAL_069,Efeito_Granulo_-100+150#,30,-100 +150 #,126.00000,840,4,2,0.19050,0.06800,0.01330,0.04080,1.00000,5.00000,1.50000,efeito_granulometria
PT_BAL_070,Efeito_Granulo_-100+150#,30,-100 +150 #,126.00000,840,4,3,0.24280,0.08850,0.02210,0.04080,1.00000,5.00000,1.50000,efeito_granulometria
PT_BAL_071,Efeito_Granulo_-100+150#,30,-100 +150 #,126.00000,840,4,5,0.32640,0.12340,0.04190,0.04080,1.00000,5.00000,1.50000,efeito_granulometria
PT_BAL_072,Efeito_Granulo_-100+150#,30,-100 +150 #,126.00000,840,4,8,0.42300,0.16750,0.07480,0.04080,1.00000,5.00000,1.50000,efeito_granulometria
PT_BAL_073,Efeito_Granulo_-100+150#,30,-100 +150 #,126.00000,840,4,10,0.47570,0.19360,0.09800,0.04080,1.00000,5.00000,1.50000,efeito_granulometria
PT_BAL_074,Efeito_Granulo_-100+150#,30,-100 +150 #,126.00000,840,4,15,0.58160,0.25200,0.15860,0.04080,1.00000,5.00000,1.50000,efeito_granulometria
PT_BAL_075,Efeito_Granulo_-100+150#,30,-100 +150 #,126.00000,840,4,20,0.66260,0.30390,0.22090,0.04080,1.00000,5.00000,1.50000,efeito_granulometria
PT_BAL_076,Efeito_Granulo_-100+150#,30,-100 +150 #,126.00000,840,4,25,0.72700,0.35130,0.28350,0.04080,1.00000,5.00000,1.50000,efeito_granulometria
PT_BAL_077,Efeito_Granulo_-100+150#,30,-100 +150 #,126.00000,840,4,30,0.77910,0.39550,0.34550,0.04080,1.00000,5.00000,1.50000,efeito_granulometria
PT_BAL_078,Efeito_Granulo_-150+200#,30,-150 +200 #,89.00000,840,4,0,0.00000,0.00000,0.00000,0.04080,1.00000,5.00000,1.50000,efeito_granulometria
PT_BAL_079,Efeito_Granulo_-150+200#,30,-150 +200 #,89.00000,840,4,1,0.15180,0.05340,0.00830,0.04080,1.00000,5.00000,1.50000,efeito_granulometria
PT_BAL_080,Efeito_Granulo_-150+200#,30,-150 +200 #,89.00000,840,4,2,0.23090,0.08380,0.01990,0.04080,1.00000,5.00000,1.50000,efeito_granulometria
PT_BAL_081,Efeito_Granulo_-150+200#,30,-150 +200 #,89.00000,840,4,3,0.29280,0.10910,0.03310,0.04080,1.00000,5.00000,1.50000,efeito_granulometria
PT_BAL_082,Efeito_Granulo_-150+200#,30,-150 +200 #,89.00000,840,4,5,0.39030,0.15200,0.06230,0.04080,1.00000,5.00000,1.50000,efeito_granulometria
PT_BAL_083,Efeito_Granulo_-150+200#,30,-150 +200 #,89.00000,840,4,8,0.50010,0.20640,0.11020,0.04080,1.00000,5.00000,1.50000,efeito_granulometria
PT_BAL_084,Efeito_Granulo_-150+200#,30,-150 +200 #,89.00000,840,4,10,0.55850,0.23860,0.14360,0.04080,1.00000,5.00000,1.50000,efeito_granulometria
PT_BAL_085,Efeito_Granulo_-150+200#,30,-150 +200 #,89.00000,840,4,15,0.67220,0.31050,0.22940,0.04080,1.00000,5.00000,1.50000,efeito_granulometria
PT_BAL_086,Efeito_Granulo_-150+200#,30,-150 +200 #,89.00000,840,4,20,0.75510,0.37430,0.31550,0.04080,1.00000,5.00000,1.50000,efeito_granulometria
PT_BAL_087,Efeito_Granulo_-150+200#,30,-150 +200 #,89.00000,840,4,25,0.81750,0.43280,0.39980,0.04080,1.00000,5.00000,1.50000,efeito_granulometria
PT_BAL_088,Efeito_Granulo_-150+200#,30,-150 +200 #,89.00000,840,4,30,0.86520,0.48720,0.48080,0.04080,1.00000,5.00000,1.50000,efeito_granulometria
PT_BAL_089,Efeito_Granulo_-200+270#,30,-200 +270 #,63.50000,840,4,0,0.00000,0.00000,0.00000,0.04080,1.00000,5.00000,1.50000,efeito_granulometria
PT_BAL_090,Efeito_Granulo_-200+270#,30,-200 +270 #,63.50000,840,4,1,0.18360,0.06540,0.01230,0.04080,1.00000,5.00000,1.50000,efeito_granulometria
PT_BAL_091,Efeito_Granulo_-200+270#,30,-200 +270 #,63.50000,840,4,2,0.27740,0.10260,0.02940,0.04080,1.00000,5.00000,1.50000,efeito_granulometria
PT_BAL_092,Efeito_Granulo_-200+270#,30,-200 +270 #,63.50000,840,4,3,0.34960,0.13360,0.04880,0.04080,1.00000,5.00000,1.50000,efeito_granulometria
PT_BAL_093,Efeito_Granulo_-200+270#,30,-200 +270 #,63.50000,840,4,5,0.46100,0.18620,0.09110,0.04080,1.00000,5.00000,1.50000,efeito_granulometria
PT_BAL_094,Efeito_Granulo_-200+270#,30,-200 +270 #,63.50000,840,4,8,0.58260,0.25270,0.15930,0.04080,1.00000,5.00000,1.50000,efeito_granulometria
PT_BAL_095,Efeito_Granulo_-200+270#,30,-200 +270 #,63.50000,840,4,10,0.64530,0.29210,0.20620,0.04080,1.00000,5.00000,1.50000,efeito_granulometria
PT_BAL_096,Efeito_Granulo_-200+270#,30,-200 +270 #,63.50000,840,4,15,0.76190,0.38020,0.32380,0.04080,1.00000,5.00000,1.50000,efeito_granulometria
PT_BAL_097,Efeito_Granulo_-200+270#,30,-200 +270 #,63.50000,840,4,20,0.84110,0.45840,0.43770,0.04080,1.00000,5.00000,1.50000,efeito_granulometria
PT_BAL_098,Efeito_Granulo_-200+270#,30,-200 +270 #,63.50000,840,4,25,0.89610,0.52990,0.54490,0.04080,1.00000,5.00000,1.50000,efeito_granulometria
PT_BAL_099,Efeito_Granulo_-200+270#,30,-200 +270 #,63.50000,840,4,30,0.93440,0.59660,0.64310,0.04080,1.00000,5.00000,1.50000,efeito_granulometria
PT_BAL_100,Efeito_Granulo_-270+325#,30,-270 +325 #,48.50000,840,4,0,0.00000,0.00000,0.00000,0.04080,1.00000,5.00000,1.50000,efeito_granulometria
PT_BAL_101,Efeito_Granulo_-270+325#,30,-270 +325 #,48.50000,840,4,1,0.21340,0.07690,0.01680,0.04080,1.00000,5.00000,1.50000,efeito_granulometria
PT_BAL_102,Efeito_Granulo_-270+325#,30,-270 +325 #,48.50000,840,4,2,0.32000,0.12060,0.04010,0.04080,1.00000,5.00000,1.50000,efeito_granulometria
PT_BAL_103,Efeito_Granulo_-270+325#,30,-270 +325 #,48.50000,840,4,3,0.40090,0.15700,0.06620,0.04080,1.00000,5.00000,1.50000,efeito_granulometria
PT_BAL_104,Efeito_Granulo_-270+325#,30,-270 +325 #,48.50000,840,4,5,0.52330,0.21880,0.12270,0.04080,1.00000,5.00000,1.50000,efeito_granulometria
PT_BAL_105,Efeito_Granulo_-270+325#,30,-270 +325 #,48.50000,840,4,8,0.65260,0.29700,0.21230,0.04080,1.00000,5.00000,1.50000,efeito_granulometria
PT_BAL_106,Efeito_Granulo_-270+325#,30,-270 +325 #,48.50000,840,4,10,0.71690,0.34340,0.27280,0.04080,1.00000,5.00000,1.50000,efeito_granulometria
PT_BAL_107,Efeito_Granulo_-270+325#,30,-270 +325 #,48.50000,840,4,15,0.83080,0.44690,0.42070,0.04080,1.00000,5.00000,1.50000,efeito_granulometria
PT_BAL_108,Efeito_Granulo_-270+325#,30,-270 +325 #,48.50000,840,4,20,0.90190,0.53880,0.55810,0.04080,1.00000,5.00000,1.50000,efeito_granulometria
PT_BAL_109,Efeito_Granulo_-270+325#,30,-270 +325 #,48.50000,840,4,25,0.94640,0.62290,0.68070,0.04080,1.00000,5.00000,1.50000,efeito_granulometria
PT_BAL_110,Efeito_Granulo_-270+325#,30,-270 +325 #,48.50000,840,4,30,0.97340,0.70130,0.78570,0.04080,1.00000,5.00000,1.50000,efeito_granulometria
PT_BAL_111,Efeito_Granulo_-325+400#,30,-325 +400 #,40.00000,840,4,0,0.00000,0.00000,0.00000,0.04080,1.00000,5.00000,1.50000,efeito_granulometria
PT_BAL_112,Efeito_Granulo_-325+400#,30,-325 +400 #,40.00000,840,4,1,0.23720,0.08630,0.02110,0.04080,1.00000,5.00000,1.50000,efeito_granulometria
PT_BAL_113,Efeito_Granulo_-325+400#,30,-325 +400 #,40.00000,840,4,2,0.35370,0.13540,0.05000,0.04080,1.00000,5.00000,1.50000,efeito_granulometria
PT_BAL_114,Efeito_Granulo_-325+400#,30,-325 +400 #,40.00000,840,4,3,0.44100,0.17620,0.08220,0.04080,1.00000,5.00000,1.50000,efeito_granulometria
PT_BAL_115,Efeito_Granulo_-325+400#,30,-325 +400 #,40.00000,840,4,5,0.57080,0.24570,0.15140,0.04080,1.00000,5.00000,1.50000,efeito_granulometria
PT_BAL_116,Efeito_Granulo_-325+400#,30,-325 +400 #,40.00000,840,4,8,0.70380,0.33340,0.25940,0.04080,1.00000,5.00000,1.50000,efeito_granulometria
PT_BAL_117,Efeito_Granulo_-325+400#,30,-325 +400 #,40.00000,840,4,10,0.76790,0.38550,0.33120,0.04080,1.00000,5.00000,1.50000,efeito_granulometria
PT_BAL_118,Efeito_Granulo_-325+400#,30,-325 +400 #,40.00000,840,4,15,0.87630,0.50170,0.50260,0.04080,1.00000,5.00000,1.50000,efeito_granulometria
PT_BAL_119,Efeito_Granulo_-325+400#,30,-325 +400 #,40.00000,840,4,20,0.93830,0.60490,0.65500,0.04080,1.00000,5.00000,1.50000,efeito_granulometria
PT_BAL_120,Efeito_Granulo_-325+400#,30,-325 +400 #,40.00000,840,4,25,0.97280,0.69930,0.78310,0.04080,1.00000,5.00000,1.50000,efeito_granulometria
PT_BAL_121,Efeito_Granulo_-325+400#,30,-325 +400 #,40.00000,840,4,30,0.98000,0.72860,0.81900,0.04080,1.00000,5.00000,1.50000,efeito_granulometria
PT_BAL_056,Efeito_Granulo_-60+100#,30,-60 +100 #,180.00000,840,4,0,0.00000,0.00000,0.00000,0.04080,1.00000,5.00000,1.50000,efeito_granulometria
PT_BAL_057,Efeito_Granulo_-60+100#,30,-60 +100 #,180.00000,840,4,1,0.10140,0.03500,0.00360,0.04080,1.00000,5.00000,1.50000,efeito_granulometria
PT_BAL_058,Efeito_Granulo_-60+100#,30,-60 +100 #,180.00000,840,4,2,0.15590,0.05490,0.00870,0.04080,1.00000,5.00000,1.50000,efeito_granulometria
PT_BAL_059,Efeito_Granulo_-60+100#,30,-60 +100 #,180.00000,840,4,3,0.19950,0.07150,0.01460,0.04080,1.00000,5.00000,1.50000,efeito_granulometria
PT_BAL_060,Efeito_Granulo_-60+100#,30,-60 +100 #,180.00000,840,4,5,0.27010,0.09960,0.02780,0.04080,1.00000,5.00000,1.50000,efeito_granulometria
PT_BAL_061,Efeito_Granulo_-60+100#,30,-60 +100 #,180.00000,840,4,8,0.35330,0.13520,0.04990,0.04080,1.00000,5.00000,1.50000,efeito_granulometria
PT_BAL_062,Efeito_Granulo_-60+100#,30,-60 +100 #,180.00000,840,4,10,0.39950,0.15630,0.06570,0.04080,1.00000,5.00000,1.50000,efeito_granulometria
PT_BAL_063,Efeito_Granulo_-60+100#,30,-60 +100 #,180.00000,840,4,15,0.49470,0.20350,0.10740,0.04080,1.00000,5.00000,1.50000,efeito_granulometria
PT_BAL_064,Efeito_Granulo_-60+100#,30,-60 +100 #,180.00000,840,4,20,0.57020,0.24530,0.15100,0.04080,1.00000,5.00000,1.50000,efeito_granulometria
PT_BAL_065,Efeito_Granulo_-60+100#,30,-60 +100 #,180.00000,840,4,25,0.63230,0.28360,0.19570,0.04080,1.00000,5.00000,1.50000,efeito_granulometria
PT_BAL_066,Efeito_Granulo_-60+100#,30,-60 +100 #,180.00000,840,4,30,0.68460,0.31930,0.24070,0.04080,1.00000,5.00000,1.50000,efeito_granulometria
PT_BAL_001,Efeito_Temp_30C,30,-60 +100 #,180.00000,840,4,0,0.00000,0.00000,0.00000,0.04080,1.00000,5.00000,1.50000,efeito_temperatura
PT_BAL_002,Efeito_Temp_30C,30,-60 +100 #,180.00000,840,4,1,0.10140,0.03500,0.00360,0.04080,1.00000,5.00000,1.50000,efeito_temperatura
PT_BAL_003,Efeito_Temp_30C,30,-60 +100 #,180.00000,840,4,2,0.15590,0.05490,0.00870,0.04080,1.00000,5.00000,1.50000,efeito_temperatura
PT_BAL_004,Efeito_Temp_30C,30,-60 +100 #,180.00000,840,4,3,0.19950,0.07150,0.01460,0.04080,1.00000,5.00000,1.50000,efeito_temperatura
PT_BAL_005,Efeito_Temp_30C,30,-60 +100 #,180.00000,840,4,5,0.27010,0.09960,0.02780,0.04080,1.00000,5.00000,1.50000,efeito_temperatura
PT_BAL_006,Efeito_Temp_30C,30,-60 +100 #,180.00000,840,4,8,0.35330,0.13520,0.04990,0.04080,1.00000,5.00000,1.50000,efeito_temperatura
PT_BAL_007,Efeito_Temp_30C,30,-60 +100 #,180.00000,840,4,10,0.39950,0.15630,0.06570,0.04080,1.00000,5.00000,1.50000,efeito_temperatura
PT_BAL_008,Efeito_Temp_30C,30,-60 +100 #,180.00000,840,4,15,0.49470,0.20350,0.10740,0.04080,1.00000,5.00000,1.50000,efeito_temperatura
PT_BAL_009,Efeito_Temp_30C,30,-60 +100 #,180.00000,840,4,20,0.57020,0.24530,0.15100,0.04080,1.00000,5.00000,1.50000,efeito_temperatura
PT_BAL_010,Efeito_Temp_30C,30,-60 +100 #,180.00000,840,4,25,0.63230,0.28360,0.19570,0.04080,1.00000,5.00000,1.50000,efeito_temperatura
PT_BAL_011,Efeito_Temp_30C,30,-60 +100 #,180.00000,840,4,30,0.68460,0.31930,0.24070,0.04080,1.00000,5.00000,1.50000,efeito_temperatura
PT_BAL_012,Efeito_Temp_40C,40,-60 +100 #,180.00000,840,4,0,0.00000,0.00000,0.00000,0.04080,1.00000,5.00000,1.50000,efeito_temperatura
PT_BAL_013,Efeito_Temp_40C,40,-60 +100 #,180.00000,840,4,1,0.11980,0.04170,0.00510,0.04080,1.00000,5.00000,1.50000,efeito_temperatura
PT_BAL_014,Efeito_Temp_40C,40,-60 +100 #,180.00000,840,4,2,0.18360,0.06540,0.01230,0.04080,1.00000,5.00000,1.50000,efeito_temperatura
PT_BAL_015,Efeito_Temp_40C,40,-60 +100 #,180.00000,840,4,3,0.23420,0.08510,0.02050,0.04080,1.00000,5.00000,1.50000,efeito_temperatura
PT_BAL_016,Efeito_Temp_40C,40,-60 +100 #,180.00000,840,4,5,0.31530,0.11860,0.03890,0.04080,1.00000,5.00000,1.50000,efeito_temperatura
PT_BAL_017,Efeito_Temp_40C,40,-60 +100 #,180.00000,840,4,8,0.40930,0.16100,0.06940,0.04080,1.00000,5.00000,1.50000,efeito_temperatura
PT_BAL_018,Efeito_Temp_40C,40,-60 +100 #,180.00000,840,4,10,0.46080,0.18610,0.09100,0.04080,1.00000,5.00000,1.50000,efeito_temperatura
PT_BAL_019,Efeito_Temp_40C,40,-60 +100 #,180.00000,840,4,15,0.56480,0.24220,0.14760,0.04080,1.00000,5.00000,1.50000,efeito_temperatura
PT_BAL_020,Efeito_Temp_40C,40,-60 +100 #,180.00000,840,4,20,0.64510,0.29200,0.20600,0.04080,1.00000,5.00000,1.50000,efeito_temperatura
PT_BAL_021,Efeito_Temp_40C,40,-60 +100 #,180.00000,840,4,25,0.70930,0.33760,0.26500,0.04080,1.00000,5.00000,1.50000,efeito_temperatura
PT_BAL_022,Efeito_Temp_40C,40,-60 +100 #,180.00000,840,4,30,0.76170,0.38010,0.32350,0.04080,1.00000,5.00000,1.50000,efeito_temperatura
PT_BAL_023,Efeito_Temp_50C,50,-60 +100 #,180.00000,840,4,0,0.00000,0.00000,0.00000,0.04080,1.00000,5.00000,1.50000,efeito_temperatura
PT_BAL_024,Efeito_Temp_50C,50,-60 +100 #,180.00000,840,4,1,0.14010,0.04910,0.00700,0.04080,1.00000,5.00000,1.50000,efeito_temperatura
PT_BAL_025,Efeito_Temp_50C,50,-60 +100 #,180.00000,840,4,2,0.21360,0.07700,0.01690,0.04080,1.00000,5.00000,1.50000,efeito_temperatura
PT_BAL_026,Efeito_Temp_50C,50,-60 +100 #,180.00000,840,4,3,0.27150,0.10020,0.02810,0.04080,1.00000,5.00000,1.50000,efeito_temperatura
PT_BAL_027,Efeito_Temp_50C,50,-60 +100 #,180.00000,840,4,5,0.36320,0.13960,0.05310,0.04080,1.00000,5.00000,1.50000,efeito_temperatura
PT_BAL_028,Efeito_Temp_50C,50,-60 +100 #,180.00000,840,4,8,0.46770,0.18950,0.09420,0.04080,1.00000,5.00000,1.50000,efeito_temperatura
PT_BAL_029,Efeito_Temp_50C,50,-60 +100 #,180.00000,840,4,10,0.52390,0.21910,0.12300,0.04080,1.00000,5.00000,1.50000,efeito_temperatura
PT_BAL_030,Efeito_Temp_50C,50,-60 +100 #,180.00000,840,4,15,0.63480,0.28520,0.19760,0.04080,1.00000,5.00000,1.50000,efeito_temperatura
PT_BAL_031,Efeito_Temp_50C,50,-60 +100 #,180.00000,840,4,20,0.71750,0.34390,0.27340,0.04080,1.00000,5.00000,1.50000,efeito_temperatura
PT_BAL_032,Efeito_Temp_50C,50,-60 +100 #,180.00000,840,4,25,0.78130,0.39750,0.34840,0.04080,1.00000,5.00000,1.50000,efeito_temperatura
PT_BAL_033,Efeito_Temp_50C,50,-60 +100 #,180.00000,840,4,30,0.83140,0.44750,0.42160,0.04080,1.00000,5.00000,1.50000,efeito_temperatura
PT_BAL_034,Efeito_Temp_60C,60,-60 +100 #,180.00000,840,4,0,0.00000,0.00000,0.00000,0.04080,1.00000,5.00000,1.50000,efeito_temperatura
PT_BAL_035,Efeito_Temp_60C,60,-60 +100 #,180.00000,840,4,1,0.16200,0.05720,0.00940,0.04080,1.00000,5.00000,1.50000,efeito_temperatura
PT_BAL_036,Efeito_Temp_60C,60,-60 +100 #,180.00000,840,4,2,0.24580,0.08980,0.02270,0.04080,1.00000,5.00000,1.50000,efeito_temperatura
PT_BAL_037,Efeito_Temp_60C,60,-60 +100 #,180.00000,840,4,3,0.31110,0.11680,0.03780,0.04080,1.00000,5.00000,1.50000,efeito_temperatura
PT_BAL_038,Efeito_Temp_60C,60,-60 +100 #,180.00000,840,4,5,0.41330,0.16280,0.07090,0.04080,1.00000,5.00000,1.50000,efeito_temperatura
PT_BAL_039,Efeito_Temp_60C,60,-60 +100 #,180.00000,840,4,8,0.52730,0.22100,0.12500,0.04080,1.00000,5.00000,1.50000,efeito_temperatura
PT_BAL_040,Efeito_Temp_60C,60,-60 +100 #,180.00000,840,4,10,0.58740,0.25550,0.16250,0.04080,1.00000,5.00000,1.50000,efeito_temperatura
PT_BAL_041,Efeito_Temp_60C,60,-60 +100 #,180.00000,840,4,15,0.70270,0.33260,0.25820,0.04080,1.00000,5.00000,1.50000,efeito_temperatura
PT_BAL_042,Efeito_Temp_60C,60,-60 +100 #,180.00000,840,4,20,0.78500,0.40100,0.35340,0.04080,1.00000,5.00000,1.50000,efeito_temperatura
PT_BAL_043,Efeito_Temp_60C,60,-60 +100 #,180.00000,840,4,25,0.84560,0.46350,0.44540,0.04080,1.00000,5.00000,1.50000,efeito_temperatura
PT_BAL_044,Efeito_Temp_60C,60,-60 +100 #,180.00000,840,4,30,0.89070,0.52190,0.53280,0.04080,1.00000,5.00000,1.50000,efeito_temperatura
PT_BAL_045,Efeito_Temp_70C,70,-60 +100 #,180.00000,840,4,0,0.00000,0.00000,0.00000,0.04080,1.00000,5.00000,1.50000,efeito_temperatura
PT_BAL_046,Efeito_Temp_70C,70,-60 +100 #,180.00000,840,4,1,0.18550,0.06610,0.01250,0.04080,1.00000,5.00000,1.50000,efeito_temperatura
PT_BAL_047,Efeito_Temp_70C,70,-60 +100 #,180.00000,840,4,2,0.28000,0.10370,0.03000,0.04080,1.00000,5.00000,1.50000,efeito_temperatura
PT_BAL_048,Efeito_Temp_70C,70,-60 +100 #,180.00000,840,4,3,0.35280,0.13500,0.04980,0.04080,1.00000,5.00000,1.50000,efeito_temperatura
PT_BAL_049,Efeito_Temp_70C,70,-60 +100 #,180.00000,840,4,5,0.46500,0.18820,0.09290,0.04080,1.00000,5.00000,1.50000,efeito_temperatura
PT_BAL_050,Efeito_Temp_70C,70,-60 +100 #,180.00000,840,4,8,0.58720,0.25540,0.16240,0.04080,1.00000,5.00000,1.50000,efeito_temperatura
PT_BAL_051,Efeito_Temp_70C,70,-60 +100 #,180.00000,840,4,10,0.65000,0.29530,0.21010,0.04080,1.00000,5.00000,1.50000,efeito_temperatura
PT_BAL_052,Efeito_Temp_70C,70,-60 +100 #,180.00000,840,4,15,0.76660,0.38430,0.32960,0.04080,1.00000,5.00000,1.50000,efeito_temperatura
PT_BAL_053,Efeito_Temp_70C,70,-60 +100 #,180.00000,840,4,20,0.84550,0.46340,0.44510,0.04080,1.00000,5.00000,1.50000,efeito_temperatura
PT_BAL_054,Efeito_Temp_70C,70,-60 +100 #,180.00000,840,4,25,0.89990,0.53570,0.55340,0.04080,1.00000,5.00000,1.50000,efeito_temperatura
PT_BAL_055,Efeito_Temp_70C,70,-60 +100 #,180.00000,840,4,30,0.93750,0.60310,0.65240,0.04080,1.00000,5.00000,1.50000,efeito_temperatura
