ensaio,temperatura_C,CA0_mol_L,razao_molar_eta,R2,RMSE,MAE,a1,b1,a2,b2,c,v0_um_min,v_final_um_min,delta_final_um
1,40.0,0.1,0.5,0.99665,0.00923,0.00717,199.7675,10.5235,5.0211,0.6754,0.0,-204.79,-0.0002,26.42
2,40.0,0.1,3.1,0.99981,0.00433,0.00277,215.4677,3.771,32.7379,0.2876,0.0,-248.21,-0.4383,169.46
3,40.0,0.5,0.5,0.99715,0.00871,0.00573,199.4473,14.2073,29.2414,2.3838,0.0,-228.69,-0.0,26.31
4,40.0,1.0,0.5,0.98731,0.0187,0.01508,499.5141,27.2638,149.059,19.5322,0.0584,-648.63,-0.0584,26.83
5,40.0,1.5,0.5,0.99726,0.00839,0.00704,499.4542,28.3281,148.9831,20.0,0.0168,-648.45,-0.0168,25.33
6,40.0,0.1,1.0,0.99859,0.01036,0.00781,1065.3093,23.3809,13.3188,0.4365,0.0,-1078.63,-0.0191,76.03
7,40.0,0.5,3.1,0.99973,0.00533,0.00412,531.0049,10.0,53.6196,0.3303,0.0,-584.62,-0.3783,214.31
8,40.0,0.5,1.0,0.99817,0.01206,0.00866,400.0152,9.5796,79.9783,2.6705,0.1,-480.09,-0.1,73.21
9,40.0,1.0,1.0,0.99951,0.00616,0.00439,500.0596,13.1211,150.1125,4.9854,0.0927,-650.26,-0.0927,69.61
10,40.0,1.5,1.0,0.99961,0.00545,0.00486,732.3784,17.5379,495.1857,20.0,0.1,-1227.66,-0.1,68.02
11,40.0,0.1,1.5,0.99595,0.01961,0.01457,1200.0,19.761,16.0786,0.1971,0.0,-1216.08,-0.8357,138.05
12,40.0,1.0,3.1,0.99964,0.00622,0.00416,218.8707,0.896,72.0378,1.2928,0.0003,-290.91,-0.0006,300.01
13,40.0,0.5,1.5,0.99902,0.00976,0.0066,400.1039,6.2429,80.3088,1.8033,0.1,-480.51,-0.1,110.12
14,40.0,1.0,1.5,0.9991,0.00948,0.00751,293.7921,2.6288,130.4438,19.8793,0.1,-424.34,-0.1,119.82
15,40.0,1.5,1.5,0.99945,0.00739,0.00509,400.1003,6.4167,80.3527,1.6319,0.1,-480.55,-0.1,113.09
16,40.0,1.5,3.1,0.99871,0.01174,0.00823,493.1465,7.7516,319.1437,3.7842,0.1,-812.39,-0.1,149.45
