ensaio,t_min,particao,CA0_mol_L,razao_molar_eta,XZn_exp,XZn_FPM,XZn_DDM_puro,XZn_Hibrido_RF,XZn_Hibrido_MLP,XZn_Hibrido_XGB,XZn_Hibrido_SVR
1,0.0,Treino,0.1,0.5,0.0,0.0,0.0,0.0,0.0,0.0,0.0
1,0.5,Treino,0.1,0.5,0.42,0.2926748057255224,0.9495468433166684,0.5,0.42392547168822786,0.5,0.10879905029225417
1,1.0,Treino,0.1,0.5,0.46,0.3557641053561545,0.952422919290533,0.5,0.4496093310548165,0.5,0.15695080137301315
1,2.0,Treino,0.1,0.5,0.46,0.380126905033009,0.9551911873480607,0.5,0.4747759589491389,0.5,0.19622858272744712
1,3.0,Treino,0.1,0.5,0.49,0.38266982772332375,0.9566136765876886,0.5,0.48854316338548415,0.5,0.21260501202648963
1,4.0,Treino,0.1,0.5,0.51,0.38294508834804547,0.9573133234092202,0.5,0.49507012968076103,0.5,0.22285533343979191
1,5.0,Treino,0.1,0.5,0.49,0.3829732697667847,0.957753363774605,0.5,0.49795742777536983,0.5,0.2302225189717925
1,15.0,Treino,0.1,0.5,0.5,0.3829787675895508,0.9596972971384943,0.5,0.5,0.5,0.238577827962929
2,0.0,Treino,0.1,3.1,0.0,0.0,0.0,0.0,0.0,0.0,0.0
2,0.5,Treino,0.1,3.1,0.82,0.4564603953936395,0.9707108041663653,0.9109911860014447,0.8155460939186081,0.9756313507056558,0.6563946832556546
2,1.0,Treino,0.1,3.1,0.9,0.6796873837809732,0.9863404899288729,0.9548159650904539,0.8968363754274551,0.9898895794608303,0.8190697405073849
2,2.0,Treino,0.1,3.1,0.95,0.8780398610579615,0.9947416173345485,0.979001954238671,0.9484311036992015,0.996452470200265,0.9125068799053553
2,3.0,Treino,0.1,3.1,0.97,0.9526915116480033,0.9973327720419448,0.9879795157573393,0.9687893379770612,0.9983607501485872,0.9437075725298676
2,4.0,Treino,0.1,3.1,0.97,0.9825633258930799,0.9983638300877027,0.9917601086635853,0.9788275526661194,0.999107521344126,0.9600956896334264
2,5.0,Treino,0.1,3.1,0.99,0.9942630957639452,0.998887460995948,0.9938641300916701,0.9843491284835129,0.9994484719803887,0.9702873793420915
2,15.0,Treino,0.1,3.1,1.0,1.0,0.9999081716301269,0.9979426492374239,0.9938848954286963,0.9999014642043671,0.9876425635875449
3,0.0,Treino,0.5,0.5,0.0,0.0,0.0,0.0,0.0,0.0,0.0
3,0.5,Treino,0.5,0.5,0.45,0.3820410357846062,0.9224515223070412,0.5,0.46236849333010815,0.5,0.20278548543783279
3,1.0,Treino,0.5,0.5,0.48,0.3829732571226443,0.9265005925725047,0.5,0.49738504548635953,0.5,0.2581040902396245
3,2.0,Treino,0.5,0.5,0.49,0.3829787675206845,0.9289783439846727,0.5,0.5,0.5,0.28336393274889105
3,3.0,Treino,0.5,0.5,0.52,0.3829787667281601,0.9295098166992165,0.5,0.5,0.5,0.28527126381208057
3,4.0,Treino,0.5,0.5,0.5,0.3829787667281601,0.9296563508102333,0.5,0.5,0.5,0.28527126381208057
3,5.0,Treino,0.5,0.5,0.49,0.3829787667281601,0.9297021451080713,0.5,0.5,0.5,0.2853485520067991
3,15.0,Treino,0.5,0.5,0.5,0.3829787667281601,0.9298723267624928,0.5,0.5,0.5,0.2961788643654417
4,0.0,Treino,1.0,0.5,0.0,0.0,0.0,0.0,0.0,0.0,0.0
4,0.5,Treino,1.0,0.5,0.5,0.3829732018107624,0.9372223377092186,0.5,0.5,0.5,0.027224166725054025
4,1.0,Treino,1.0,0.5,0.47,0.3829787675570864,0.9380892812648463,0.5,0.5,0.5,0.03600926581957842
4,2.0,Treino,1.0,0.5,0.51,0.3829787675570864,0.9384532156022681,0.5,0.5,0.5,0.03807355457921643
4,3.0,Treino,1.0,0.5,0.47,0.3829787675570864,0.9385843382545516,0.5,0.5,0.5,0.03807355457921643
4,4.0,Treino,1.0,0.5,0.53,0.3829787675570864,0.9386794440046661,0.5,0.5,0.5,0.039834549186765565
4,5.0,Treino,1.0,0.5,0.51,0.3829787675570864,0.9387590738733946,0.5,0.5,0.5,0.04425172024205639
4,15.0,Treino,1.0,0.5,0.5,0.3829787675570864,0.9394872199837094,0.5,0.5,0.5,0.06030852650126259
5,0.0,Treino,1.5,0.5,0.0,0.0,0.0,0.0,0.0,0.0,0.0
5,0.5,Treino,1.5,0.5,0.49,0.38297873299991764,0.9666450003728306,0.5,0.5,0.5,0.012281457584139455
5,1.0,Treino,1.5,0.5,0.49,0.38297874187991127,0.9668326243753171,0.5,0.5,0.5,0.01611601121407801
5,2.0,Treino,1.5,0.5,0.47,0.38297874187991127,0.9669293999284689,0.5,0.5,0.5,0.016572738980151654
5,3.0,Treino,1.5,0.5,0.49,0.38297874187991127,0.9669916698010411,0.5,0.5,0.5,0.016577021246399867
5,4.0,Treino,1.5,0.5,0.49,0.38297874187991127,0.9670428529862479,0.5,0.5,0.5,0.018291747881971777
5,5.0,Treino,1.5,0.5,0.47,0.38297874187991127,0.9670850379109571,0.5,0.5,0.5,0.021312523353517476
5,15.0,Treino,1.5,0.5,0.49,0.38297874187991127,0.9674533761302591,0.5,0.5,0.5,0.030145981954818792
6,0.0,Treino,0.1,1.0,0.0,0.0,0.0,0.0,0.0,0.0,0.0
6,0.5,Treino,0.1,1.0,0.75,0.38141265537217556,0.9944993599724434,0.9318912770372575,0.8421084995434636,0.9893458377194971,0.22768752144834342
6,1.0,Treino,0.1,1.0,0.78,0.5289927937928132,0.9953198604776393,0.9393766341430723,0.8614671103194254,0.9908142169700598,0.3341595853479319
6,2.0,Treino,0.1,1.0,0.8,0.6518274558366163,0.9963781892231588,0.9497945728673369,0.8870094422303564,0.9925037812108373,0.4376165220416773
6,3.0,Treino,0.1,1.0,0.85,0.7027409499774405,0.9970022774572582,0.9558506505135964,0.9008887363884758,0.9936146300461145,0.49472467973725903
6,4.0,Treino,0.1,1.0,0.87,0.7286077344802737,0.9973287732015717,0.9590941307772594,0.9089120289338368,0.9942996202249713,0.5340159913658916
6,5.0,Treino,0.1,1.0,0.85,0.7431145382981061,0.997518532143151,0.9611426265862194,0.913815205357634,0.9947295973956943,0.5604126398022872
6,15.0,Treino,0.1,1.0,0.87,0.765698911903164,0.9982411265086194,0.9646997678469695,0.9222033308933968,0.9955424995736685,0.6000530745676809
7,0.0,Teste Cego,0.5,3.1,0.0,0.0,0.0,0.0,0.0,0.0,0.0
7,0.5,Teste Cego,0.5,3.1,0.88,0.9238382966281941,0.9606361758013139,0.9116278081984072,0.9248558291971082,0.9725507332318736,0.9186751908760934
7,1.0,Teste Cego,0.5,3.1,0.93,0.9942631302831031,0.9824724843293777,0.9566299084754715,0.9792630804482286,0.9920008550704962,0.9881690184898223
7,2.0,Teste Cego,0.5,3.1,0.98,1.0,0.9923391519244683,0.9783228748344918,0.9957337368916963,0.9961954103421932,0.9994292555689667
7,3.0,Teste Cego,0.5,3.1,0.99,1.0,0.9950567740084859,0.9851346038931577,0.9985991312242898,0.9970529587020744,0.9999507886851128
7,4.0,Teste Cego,0.5,3.1,1.0,1.0,0.9961252656672255,0.9878388639813341,0.9994004192868103,0.9974415048781118,0.9999931309944867
7,5.0,Teste Cego,0.5,3.1,0.99,1.0,0.9965243778155318,0.9888370625066084,0.9996849317840012,0.9976107364261677,0.9999983432210033
7,15.0,Teste Cego,0.5,3.1,1.01,1.0,0.9975082018220995,0.9895831538193764,0.9999281601809927,0.9978367306960692,0.9999998578986511
8,0.0,Teste Cego,0.5,1.0,0.0,0.0,0.0,0.0,0.0,0.0,0.0
8,0.5,Teste Cego,0.5,1.0,0.83,0.6819494794497629,0.9851510674785063,0.8967449117965847,0.7748041745368893,0.986484376464778,0.5124972851578439
8,1.0,Teste Cego,0.5,1.0,0.82,0.7431144974968669,0.9865800575566346,0.9047780486451614,0.7962814351457508,0.9885987124401098,0.5979961324556258
8,2.0,Teste Cego,0.5,1.0,0.85,0.7636116990459255,0.9874336928666431,0.9088766404686426,0.8042512736914326,0.9894721391135076,0.6306177013995713
8,3.0,Teste Cego,0.5,1.0,0.86,0.7656989395503706,0.9876438629576634,0.9099325426296139,0.805440305658111,0.9896444527204367,0.6344276973456504
8,4.0,Teste Cego,0.5,1.0,0.87,0.7659287373596056,0.9877126657528371,0.9103524818106824,0.8059709905700112,0.9896742833453246,0.6344617537903239
8,5.0,Teste Cego,0.5,1.0,0.86,0.7659538193668695,0.9877637960873248,0.9106570955238846,0.8063320650697867,0.9897000073587321,0.6344617537903239
8,15.0,Teste Cego,0.5,1.0,0.87,0.7659575232111143,0.9882357221929539,0.913315765846747,0.8078976051969772,0.9898594365413624,0.6344617537903239
9,0.0,Treino,1.0,1.0,0.0,0.0,0.0,0.0,0.0,0.0,0.0
9,0.5,Treino,1.0,1.0,0.83,0.7431145379059888,0.9921980688580955,0.9196122740695664,0.8253298111150554,0.9958258263772186,0.1825644090823971
9,1.0,Treino,1.0,1.0,0.84,0.7636116432858867,0.9925935863843376,0.9223337210436736,0.8367859193271877,0.9962448393683709,0.22880025909709029
9,2.0,Treino,1.0,1.0,0.85,0.7659287086577677,0.992715147613997,0.9230670161008729,0.8380962205216062,0.9963684052163365,0.24785142382088265
9,3.0,Treino,1.0,1.0,0.85,0.7659560214310214,0.9927555212485581,0.923371387068757,0.8383986369567872,0.9964200655705311,0.24875976359583604
9,4.0,Treino,1.0,1.0,0.83,0.7659574610462613,0.9927870470166668,0.9236355821383222,0.8386568968375396,0.9964555910429997,0.24902218577779417
9,5.0,Treino,1.0,1.0,0.84,0.7659574588562317,0.9928187338868821,0.9238959837886235,0.8389143692756819,0.9964844929450984,0.2516841868089069
9,15.0,Treino,1.0,1.0,0.85,0.7659574588562317,0.993115419546384,0.9261878606499205,0.8412022977913528,0.9965831933106212,0.2652094804565106
10,0.0,Treino,1.5,1.0,0.0,0.0,0.0,0.0,0.0,0.0,0.0
10,0.5,Treino,1.5,1.0,0.84,0.7587844153141997,0.9979866410327365,0.9499431595298345,0.9787457682272311,0.9985467459281553,0.06628129695027532
10,1.0,Treino,1.5,1.0,0.83,0.7656989770861555,0.998039005790469,0.9506717988356599,0.9787975776788758,0.9985846925122484,0.08819242977184594
10,2.0,Treino,1.5,1.0,0.83,0.7659559867834252,0.9980607061743563,0.9509642659628164,0.9788647166961797,0.9985977133693406,0.09764593463662544
10,3.0,Treino,1.5,1.0,0.83,0.7659574549907306,0.9980721822866674,0.9511452132600425,0.9789239195226696,0.9986033474704034,0.09777663401817127
10,4.0,Treino,1.5,1.0,0.83,0.7659574549907306,0.9980823214810329,0.9513197059412247,0.978980845262168,0.9986073013255607,0.09887026320119875
10,5.0,Treino,1.5,1.0,0.84,0.7659574549907306,0.9980926465034264,0.9514921947654321,0.9790369144936488,0.9986117120879023,0.1030559403973292
10,15.0,Treino,1.5,1.0,0.85,0.7659574549907306,0.9981889692547266,0.9530098926505912,0.9796277894396768,0.9986636494304141,0.11747065520267354
11,0.0,Treino,0.1,1.5,0.0,0.0,0.0,0.0,0.0,0.0,0.0
11,0.5,Treino,0.1,1.5,0.86,0.4168949555459454,0.9894075962699975,0.9253203915220773,0.918211759494898,0.9963740004548018,0.297387423158829
11,1.0,Treino,0.1,1.5,0.85,0.6016514817979995,0.9927642854012453,0.9438502029512297,0.9330719754849585,0.9977105959228856,0.44034118170821285
11,2.0,Treino,0.1,1.5,0.88,0.7715085885471555,0.9954297167835986,0.9598893425041688,0.9538129560497386,0.998860461550516,0.5879202337137217
11,3.0,Treino,0.1,1.5,0.97,0.850374470737758,0.9969302117181625,0.9701556175279477,0.9663606242678441,0.9993359370714365,0.6771290040829426
11,4.0,Treino,0.1,1.5,0.94,0.8952170324035665,0.997909399721532,0.9774542638336521,0.9740737095519236,0.9995794716685715,0.742995882558243
11,5.0,Treino,0.1,1.5,0.96,0.9236880716728995,0.9985340108315502,0.9824981395061116,0.9790841246514395,0.9997175679141523,0.7905207564544015
11,15.0,Treino,0.1,1.5,0.98,0.9947662325898795,0.999856213140452,0.9931412068482681,0.9917032672873007,0.9999643860719992,0.8979402218215807
12,0.0,Treino,1.0,3.1,0.0,0.0,0.0,0.0,0.0,0.0,0.0
12,0.5,Treino,1.0,3.1,0.96,0.9942630957698119,0.9758409208221298,0.946513434376488,0.9599313346781484,0.9948101050043788,0.9738908576410149
12,1.0,Treino,1.0,3.1,1.0,1.0,0.9933736154716422,0.982158046466521,0.9966826904714781,0.999713065902197,0.9981993354402139
12,2.0,Treino,1.0,3.1,1.0,1.0,0.9985585321817487,0.9946597503347243,0.9999589781744685,0.9999982724036925,0.9999804950674103
12,3.0,Treino,1.0,3.1,0.99,1.0,0.9993721267823265,0.9972001341626906,0.9999994197084191,1.0,0.999999879353324
12,4.0,Treino,1.0,3.1,0.99,1.0,0.9995827625429763,0.9978703353314557,0.9999999949611268,1.0,1.0
12,5.0,Treino,1.0,3.1,0.99,1.0,0.9996474220526871,0.9981029568832414,0.9999999999992486,1.0,1.0
12,15.0,Treino,1.0,3.1,1.0,1.0,0.9997944862302364,0.9982673726704429,1.0,1.0,1.0
13,0.0,Treino,0.5,1.5,0.0,0.0,0.0,0.0,0.0,0.0,0.0
13,0.5,Treino,0.5,1.5,0.92,0.8171350149773499,0.9776756056695227,0.9110755287803547,0.8932433252318919,0.985713455216471,0.8133626892821414
13,1.0,Treino,0.5,1.5,0.92,0.923688014593704,0.9851093483775442,0.9350000770071504,0.9277778950416629,0.9926379918064715,0.8801669848011151
13,2.0,Treino,0.5,1.5,0.95,0.9803262096219357,0.9883573785372386,0.9461403286806997,0.9404317685119906,0.9945370252667362,0.9009921777351426
13,3.0,Treino,0.5,1.5,0.95,0.9947662745122218,0.9893318488783658,0.9496430247453944,0.9423686921761809,0.9948438620771791,0.9039173671834957
13,4.0,Treino,0.5,1.5,0.95,0.998886199080763,0.9896470400650849,0.950712987416411,0.9428782838064996,0.9949245754393151,0.9043927726134133
13,5.0,Treino,0.5,1.5,0.95,0.9998648794760351,0.9897593066853531,0.9511286518648232,0.943123362947849,0.9949678344106084,0.9044720840359741
13,15.0,Treino,0.5,1.5,0.97,1.0,0.990286988269629,0.952699458482762,0.9447632875966578,0.9951730183544667,0.9077869902013463
14,0.0,Teste Cego,1.0,1.5,0.0,0.0,0.0,0.0,0.0,0.0,0.0
14,0.5,Teste Cego,1.0,1.5,0.91,0.9236880735123053,0.9862085974864425,0.9393979092032347,0.9083826818342278,0.9989573380683551,0.9612189055845312
14,1.0,Teste Cego,1.0,1.5,0.96,0.980326177429299,0.9925172105578081,0.9613591979888094,0.95617260964508,0.9998454204627801,0.9825401624519198
14,2.0,Teste Cego,1.0,1.5,0.95,0.9988861749356849,0.9949090134492258,0.9709167663170535,0.9669153592366829,0.99997515099191,0.9872234047911427
14,3.0,Teste Cego,1.0,1.5,0.97,0.999997185943685,0.9955792622203492,0.9737275004374977,0.9677401982197746,0.9999891207422351,0.9878115391869593
14,4.0,Teste Cego,1.0,1.5,0.95,1.0,0.9957682284612466,0.9744014897712558,0.9678688607067422,0.9999923184330437,0.9879363950274858
14,5.0,Teste Cego,1.0,1.5,0.98,1.0,0.9958275969002559,0.9746664106898245,0.9679348298149896,0.9999937098877133,0.9879809010423523
14,15.0,Teste Cego,1.0,1.5,0.97,1.0,0.9961029122825387,0.9755373418737479,0.9686856735943088,0.9999959110463796,0.9883545272707718
15,0.0,Treino,1.5,1.5,0.0,0.0,0.0,0.0,0.0,0.0,0.0
15,0.5,Treino,1.5,1.5,0.91,0.9622493738908493,0.9954078464924648,0.960876267217608,0.9069253748378565,0.9992207875225945,0.8347610098309229
15,1.0,Treino,1.5,1.5,0.94,0.9947662626005641,0.9974861940918694,0.973892427107114,0.9400065482131315,0.9996430686825508,0.8987676972240933
15,2.0,Treino,1.5,1.5,0.95,0.9999971861202729,0.9981596505436335,0.977885768460519,0.952904574076888,0.999776907638877,0.9192001946778705
15,3.0,Treino,1.5,1.5,0.94,1.0,0.9982655655962549,0.9786947626327173,0.9551967074755008,0.999800917669125,0.9227421753012076
15,4.0,Treino,1.5,1.5,0.96,1.0,0.9983009686999712,0.978952375967323,0.9557591168158319,0.9998072944260262,0.9238954933922925
15,5.0,Treino,1.5,1.5,0.96,1.0,0.998316347072449,0.9790765632069621,0.9559765470930519,0.9998099707514085,0.9245150152282744
15,15.0,Treino,1.5,1.5,0.97,1.0,0.9984136791493436,0.9797979455003217,0.9574008341542366,0.9998308031654091,0.9272254938482619
16,0.0,Treino,1.5,3.1,0.0,0.0,0.0,0.0,0.0,0.0,0.0
16,0.5,Treino,1.5,3.1,0.98,0.9999089923736029,0.987570204077063,0.9547929664283628,0.9826564712240754,0.9839528583306683,0.6685979881890056
16,1.0,Treino,1.5,3.1,0.98,1.0,0.9939952983834451,0.9740164334798439,0.9884494358048825,0.9907825556980688,0.7470266409206385
16,2.0,Treino,1.5,3.1,0.96,1.0,0.9955242111714374,0.9775736285688638,0.9892679743531153,0.9920542746341963,0.7719593294649152
16,3.0,Treino,1.5,3.1,0.99,1.0,0.9956386170502107,0.9779627491043289,0.9893179156286688,0.9922189327988865,0.7741457132222325
16,4.0,Treino,1.5,3.1,0.99,1.0,0.9956998171386878,0.9781885500951697,0.9893453874238946,0.9923137155157766,0.7741457132222325
16,5.0,Treino,1.5,3.1,1.0,1.0,0.9957526494758631,0.9784072182027683,0.9893709478552281,0.9924008092142664,0.7742966476381552
16,15.0,Treino,1.5,3.1,1.0,1.0,0.9960620417916994,0.979286945009796,0.989680451884756,0.9925756687965736,0.7825870215747839
