Particao,Modelo,R2,RMSE,MAE,MaxError
Global (16 ensaios - 128 pts),FPM Puro (Baseline),0.902979628608818,0.10097797514485893,0.06985046328760044,0.4431050444540546
Global (16 ensaios - 128 pts),DDM Puro (RF sem Herbst),0.49473102990657425,0.23043927773142264,0.15107215577968777,0.5295468433166683
Global (16 ensaios - 128 pts),Híbrido Serial (RF Campeão),0.9737150772993354,0.0525591754630573,0.03384456722349837,0.1818912770372575
Global (16 ensaios - 128 pts),Híbrido Serial (MLP),0.9827978565339885,0.042519336029989425,0.02312412745735951,0.14898084526216804
Global (16 ensaios - 128 pts),Híbrido Serial (XGBoost),0.9339260332656989,0.08333172684007713,0.05586270182260682,0.23934583771949713
Global (16 ensaios - 128 pts),Híbrido Serial (SVR),0.043786775085091545,0.3170097096403567,0.22377887175015626,0.7737187030497247
Treino (13 ensaios - 104 pts),FPM Puro (Baseline),0.8876874027740645,0.10813233170843528,0.07559687459193365,0.4431050444540546
Treino (13 ensaios - 104 pts),DDM Puro (RF sem Herbst),0.38638608385522777,0.25274870145046385,0.17256160343422836,0.5295468433166683
Treino (13 ensaios - 104 pts),Híbrido Serial (RF Campeão),0.9699230490066865,0.05595749143101524,0.036040693897555674,0.1818912770372575
Treino (13 ensaios - 104 pts),Híbrido Serial (MLP),0.9809587069037874,0.04452352612508646,0.023136440456715486,0.14898084526216804
Treino (13 ensaios - 104 pts),Híbrido Serial (XGBoost),0.9330814375976937,0.08346696729517314,0.0545972211295998,0.23934583771949713
Treino (13 ensaios - 104 pts),Híbrido Serial (SVR),-0.14897898794163988,0.34585764188869017,0.2559935021004484,0.7737187030497247
Teste Cego (3 ensaios - 24 pts),FPM Puro (Baseline),0.9616405308562354,0.0609398838762485,0.044949347635489835,0.14805052055023704
Teste Cego (3 ensaios - 24 pts),DDM Puro (RF sem Herbst),0.9339912138824784,0.07994037869652519,0.05795121594334512,0.16658005755663463
Teste Cego (3 ensaios - 24 pts),Híbrido Serial (RF Campeão),0.9879721246190879,0.03412398858782112,0.024328018302583396,0.08477804864516147
Teste Cego (3 ensaios - 24 pts),Híbrido Serial (MLP),0.9891342140039915,0.03243365567304111,0.023070771126816936,0.06402900942998879
Teste Cego (3 ensaios - 24 pts),Híbrido Serial (XGBoost),0.9292814673722876,0.08274313060609553,0.06134645149230386,0.16859871244010982
Teste Cego (3 ensaios - 24 pts),Híbrido Serial (SVR),0.8178782661715144,0.1327841433978986,0.08418214023222335,0.3175027148421561
