ensaio,particao,CA0_mol_L,razao_molar_eta,R2_FPM,RMSE_FPM,MAE_FPM,R2_DDM,RMSE_DDM,MAE_DDM,R2_Hibrido,RMSE_Hibrido,MAE_Hibrido,Delta_R2,Reducao_RMSE_pct
1,Treino,0.1,0.5,0.5766769580865212,0.10384359898661488,0.09623340380720118,-6.9300587599014545,0.4494506159653997,0.41981732635815877,0.951419984052015,0.03517811819867572,0.02375,0.3747430259654938,66.12394163725963
2,Treino,0.1,3.1,0.7675822530666025,0.15262394532444692,0.08624340872205596,0.9578438242760208,0.06500079008701214,0.04330860036565694,0.9838597794738658,0.04022006467214843,0.027558776325717557,0.21627752640726328,73.64760517319291
3,Treino,0.5,0.5,0.6096414554011127,0.10192059081908794,0.09376148408242807,-5.321208479026693,0.41013812765926727,0.3833338872805291,0.9835593916974928,0.020916500663351892,0.013750000000000005,0.37391793629638015,79.47764971213786
4,Treino,1.0,0.5,0.5625039537164458,0.10978311567604374,0.10114427410583993,-5.159226978635711,0.4119187777575328,0.3849093638365818,0.986841358969996,0.01903943276465979,0.013750000000000012,0.42433740525355024,82.657230442573
5,Treino,1.5,0.5,0.6481168726072488,0.09514012631267614,0.08864360196507684,-6.928784957785585,0.4516144420991623,0.42237249518814024,0.9888234222195226,0.016955824957813188,0.013750000000000012,0.34070654961227376,82.17805082359445
6,Treino,0.1,1.0,0.5316519900584435,0.18867848661656428,0.15845062004242633,0.6369983555621208,0.16610868522676608,0.1507860148729802,0.80037968867739,0.12318005929400039,0.11148120747146392,0.2687276986189464,34.71430606483024
7,Teste Cego,0.5,3.1,0.9919041355416457,0.029050701723548365,0.019762678363912142,0.9884321527826705,0.0347257220711319,0.02167443704873158,0.9972395846684025,0.01696337365394095,0.012317644704863767,0.005335449126756764,41.60769741341388
8,Teste Cego,0.5,1.0,0.8826793678139758,0.09662188833904498,0.08847316306493556,0.7939659279409655,0.12804359134332988,0.11881510811157041,0.9628139521281261,0.05439742419825006,0.04933218584016459,0.08013458431415033,43.70072337297922
9,Treino,1.0,1.0,0.9287686762346086,0.07429883103302806,0.06918958874507632,0.7408415818585116,0.14171934402521416,0.13237294056936516,0.9239628234186168,0.07676433010825269,0.07151297810746704,-0.0048058528159917735,-3.3183551355318626
10,Treino,1.5,1.0,0.9418130847186226,0.06669011485793945,0.061966350106662085,0.6976316475611175,0.1520256836491663,0.14206530906542691,0.8467381324646122,0.10823453482169257,0.1010682788682002,-0.09507495225401041,-62.29471946816907
11,Treino,0.1,1.5,0.6209253657425737,0.1896186411176836,0.12692895398556936,0.9256591186800383,0.08397161778362006,0.0663539292333173,0.9716148854992961,0.051887648919485316,0.039038645586681936,0.35068951975672236,72.63578695974195
12,Treino,1.0,3.1,0.9982836735144244,0.013573686546639157,0.008032886971226491,0.9993366197570027,0.00843876961139039,0.006589574789561556,0.999171873085483,0.009428580504248071,0.007696852816151428,0.0008881995710586787,30.537805835934922
13,Treino,0.5,1.5,0.9753321657725109,0.0491106805909037,0.03879957028841374,0.9819119613813712,0.04205389058548683,0.03752093956034229,0.999206374515479,0.00880883032582753,0.005910421949896702,0.023874208742968084,82.06331042486285
14,Teste Cego,1.0,1.5,0.9904158450751688,0.031004447482877413,0.02661220147762179,0.9843431720362302,0.03962770976188778,0.03336410266973336,0.997542294850828,0.015700445417173962,0.011334224362721829,0.007126449775659238,49.360666962877744
15,Treino,1.5,1.5,0.9797671635696427,0.04462210664452786,0.040876602826460814,0.9745253993648835,0.05006974466621449,0.044293781455748346,0.9913232466237966,0.029221352367891373,0.024897013761570663,0.011556083054153898,34.51373194753711
16,Treino,1.5,3.1,0.996950293090583,0.01801516020374292,0.01248862404670037,0.9981053910084671,0.014199363387761173,0.009576682069160208,0.9974631882755519,0.01643059136796699,0.014364845781074276,0.0005128951849688868,8.795752121297879
