ensaio,razao_molar_eta,CA0_mol_L,razao_solido_liquido_g_L,mB0_g,CAf_mol_L,pH0,pHf,Zn_licor_g_L,XZn,XFe
1,0.5,0.10,20.0,8.0,9.8e-07,1.0,6.0,6.1,0.50,0.00
3,0.5,0.50,100.0,40.0,4.2e-06,0.2,5.4,30.7,0.50,0.00
4,0.5,1.00,200.0,80.0,5.0e-06,0.0,5.3,61.6,0.50,0.00
5,0.5,1.50,300.0,120.0,4.9e-06,-0.2,5.0,89.6,0.49,0.00
6,1.0,0.10,10.0,4.0,0.008,1.0,2.0,5.3,0.87,0.06
8,1.0,0.50,50.0,20.0,0.056,0.2,1.2,26.6,0.87,0.05
9,1.0,1.00,100.0,40.0,0.120,0.0,0.9,51.7,0.85,0.06
10,1.0,1.50,150.0,60.0,0.230,-0.2,0.6,77.8,0.85,0.07
11,1.5,0.10,7.0,2.7,0.040,1.0,1.5,4.0,0.98,0.07
13,1.5,0.50,33.0,13.3,0.180,0.2,0.7,19.8,0.97,0.06
14,1.5,1.00,67.0,26.7,0.340,0.0,0.5,39.6,0.97,0.07
15,1.5,1.50,100.0,40.0,0.530,-0.2,0.2,59.3,0.97,0.08
2,3.1,0.10,3.0,1.3,0.060,1.0,1.2,2.0,1.00,0.09
7,3.1,0.50,17.0,6.7,0.320,0.3,0.5,10.2,1.01,0.09
12,3.1,1.00,33.0,13.3,0.640,0.1,0.2,20.4,1.00,0.09
16,3.1,1.50,50.0,20.0,0.990,-0.2,-0.1,30.7,1.00,0.10
