ensaio,razao_molar_eta,CA0_mol_L,t_min,XZn
1,0.5,0.1,0.0,0.00
1,0.5,0.1,0.5,0.42
1,0.5,0.1,1.0,0.46
1,0.5,0.1,2.0,0.46
1,0.5,0.1,3.0,0.49
1,0.5,0.1,4.0,0.51
1,0.5,0.1,5.0,0.49
1,0.5,0.1,15.0,0.50
2,3.1,0.1,0.0,0.00
2,3.1,0.1,0.5,0.82
2,3.1,0.1,1.0,0.90
2,3.1,0.1,2.0,0.95
2,3.1,0.1,3.0,0.97
2,3.1,0.1,4.0,0.97
2,3.1,0.1,5.0,0.99
2,3.1,0.1,15.0,1.00
3,0.5,0.5,0.0,0.00
3,0.5,0.5,0.5,0.45
3,0.5,0.5,1.0,0.48
3,0.5,0.5,2.0,0.49
3,0.5,0.5,3.0,0.52
3,0.5,0.5,4.0,0.50
3,0.5,0.5,5.0,0.49
3,0.5,0.5,15.0,0.50
4,0.5,1.0,0.0,0.00
4,0.5,1.0,0.5,0.50
4,0.5,1.0,1.0,0.47
4,0.5,1.0,2.0,0.51
4,0.5,1.0,3.0,0.47
4,0.5,1.0,4.0,0.53
4,0.5,1.0,5.0,0.51
4,0.5,1.0,15.0,0.50
5,0.5,1.5,0.0,0.00
5,0.5,1.5,0.5,0.49
5,0.5,1.5,1.0,0.49
5,0.5,1.5,2.0,0.47
5,0.5,1.5,3.0,0.49
5,0.5,1.5,4.0,0.49
5,0.5,1.5,5.0,0.47
5,0.5,1.5,15.0,0.49
6,1.0,0.1,0.0,0.00
6,1.0,0.1,0.5,0.75
6,1.0,0.1,1.0,0.78
6,1.0,0.1,2.0,0.80
6,1.0,0.1,3.0,0.85
6,1.0,0.1,4.0,0.87
6,1.0,0.1,5.0,0.85
6,1.0,0.1,15.0,0.87
7,3.1,0.5,0.0,0.00
7,3.1,0.5,0.5,0.88
7,3.1,0.5,1.0,0.93
7,3.1,0.5,2.0,0.98
7,3.1,0.5,3.0,0.99
7,3.1,0.5,4.0,1.00
7,3.1,0.5,5.0,0.99
7,3.1,0.5,15.0,1.01
8,1.0,0.5,0.0,0.00
8,1.0,0.5,0.5,0.83
8,1.0,0.5,1.0,0.82
8,1.0,0.5,2.0,0.85
8,1.0,0.5,3.0,0.86
8,1.0,0.5,4.0,0.87
8,1.0,0.5,5.0,0.86
8,1.0,0.5,15.0,0.87
9,1.0,1.0,0.0,0.00
9,1.0,1.0,0.5,0.83
9,1.0,1.0,1.0,0.84
9,1.0,1.0,2.0,0.85
9,1.0,1.0,3.0,0.85
9,1.0,1.0,4.0,0.83
9,1.0,1.0,5.0,0.84
9,1.0,1.0,15.0,0.85
10,1.0,1.5,0.0,0.00
10,1.0,1.5,0.5,0.84
10,1.0,1.5,1.0,0.83
10,1.0,1.5,2.0,0.83
10,1.0,1.5,3.0,0.83
10,1.0,1.5,4.0,0.83
10,1.0,1.5,5.0,0.84
10,1.0,1.5,15.0,0.85
11,1.5,0.1,0.0,0.00
11,1.5,0.1,0.5,0.86
11,1.5,0.1,1.0,0.85
11,1.5,0.1,2.0,0.88
11,1.5,0.1,3.0,0.97
11,1.5,0.1,4.0,0.94
11,1.5,0.1,5.0,0.96
11,1.5,0.1,15.0,0.98
12,3.1,1.0,0.0,0.00
12,3.1,1.0,0.5,0.96
12,3.1,1.0,1.0,1.00
12,3.1,1.0,2.0,1.00
12,3.1,1.0,3.0,0.99
12,3.1,1.0,4.0,0.99
12,3.1,1.0,5.0,0.99
12,3.1,1.0,15.0,1.00
13,1.5,0.5,0.0,0.00
13,1.5,0.5,0.5,0.92
13,1.5,0.5,1.0,0.92
13,1.5,0.5,2.0,0.95
13,1.5,0.5,3.0,0.95
13,1.5,0.5,4.0,0.95
13,1.5,0.5,5.0,0.95
13,1.5,0.5,15.0,0.97
14,1.5,1.0,0.0,0.00
14,1.5,1.0,0.5,0.91
14,1.5,1.0,1.0,0.96
14,1.5,1.0,2.0,0.95
14,1.5,1.0,3.0,0.97
14,1.5,1.0,4.0,0.95
14,1.5,1.0,5.0,0.98
14,1.5,1.0,15.0,0.97
15,1.5,1.5,0.0,0.00
15,1.5,1.5,0.5,0.91
15,1.5,1.5,1.0,0.94
15,1.5,1.5,2.0,0.95
15,1.5,1.5,3.0,0.94
15,1.5,1.5,4.0,0.96
15,1.5,1.5,5.0,0.96
15,1.5,1.5,15.0,0.97
16,3.1,1.5,0.0,0.00
16,3.1,1.5,0.5,0.98
16,3.1,1.5,1.0,0.98
16,3.1,1.5,2.0,0.96
16,3.1,1.5,3.0,0.99
16,3.1,1.5,4.0,0.99
16,3.1,1.5,5.0,1.00
16,3.1,1.5,15.0,1.00
