metodo,peneira_ou_diametro_um,passante_acumulada_pct
Peneiramento a umido,297.0,99.5
Peneiramento a umido,210.0,98.8
Peneiramento a umido,150.0,97.0
Peneiramento a umido,105.0,92.6
Peneiramento a umido,74.0,84.4
Peneiramento a umido,63.0,72.1
Peneiramento a umido,45.0,61.6
Peneiramento a umido,38.0,53.6
Difracao a Laser,74.0,84.4
Difracao a Laser,61.5,77.0
Difracao a Laser,51.5,72.2
Difracao a Laser,43.5,64.8
Difracao a Laser,36.5,55.9
Difracao a Laser,30.5,48.3
Difracao a Laser,25.5,42.6
Difracao a Laser,21.5,38.4
Difracao a Laser,15.0,30.3
Difracao a Laser,12.5,26.5
Difracao a Laser,10.5,23.3
Difracao a Laser,9.00,20.6
Difracao a Laser,7.50,17.9
Difracao a Laser,6.25,15.2
Difracao a Laser,4.50,10.9
Difracao a Laser,3.00,7.2
Difracao a Laser,2.50,6.2
Difracao a Laser,2.15,5.4
Difracao a Laser,1.85,4.7
Difracao a Laser,1.55,3.9
Difracao a Laser,1.30,3.2
Difracao a Laser,0.90,2.0
Difracao a Laser,0.65,1.1
Difracao a Laser,0.55,0.8
Difracao a Laser,0.45,0.5
