ensaio,temperatura_C,CA0_mol_L,razao_molar_eta,t_min,v_alvo_um_min,abs_v_alvo_um_min,delta_alvo_um,XZn_exp,XZn_reconstruido,residuo_XZn
1,40.0,0.1,0.5,0.0,-204.7886,204.7886,0.0,0.0,0.0,0.0
1,40.0,0.1,0.5,0.5,-4.618,4.618,21.0151,0.42,0.4243,-0.0043
1,40.0,0.1,0.5,1.0,-2.5608,2.5608,22.6329,0.46,0.4485,0.0115
1,40.0,0.1,0.5,2.0,-1.3005,1.3005,24.4913,0.46,0.4751,-0.0151
1,40.0,0.1,0.5,3.0,-0.6619,0.6619,25.4368,0.49,0.4882,0.0018
1,40.0,0.1,0.5,4.0,-0.3369,0.3369,25.9181,0.51,0.4947,0.0153
1,40.0,0.1,0.5,5.0,-0.1714,0.1714,26.163,0.49,0.498,-0.008
1,40.0,0.1,0.5,15.0,-0.0002,0.0002,26.4165,0.5,0.5014,-0.0014
2,40.0,0.1,3.1,0.0,-248.2055,248.2055,0.0,0.0,0.0,0.0
2,40.0,0.1,3.1,0.5,-61.0511,61.0511,63.7136,0.82,0.82,-0.0
2,40.0,0.1,3.1,1.0,-29.5185,29.5185,84.2733,0.9,0.8999,0.0001
2,40.0,0.1,3.1,2.0,-18.5341,18.5341,106.9001,0.95,0.9491,0.0009
2,40.0,0.1,3.1,3.0,-13.8193,13.8193,122.9379,0.97,0.9693,0.0007
2,40.0,0.1,3.1,4.0,-10.3639,10.3639,134.9462,0.97,0.9793,-0.0093
2,40.0,0.1,3.1,5.0,-7.7739,7.7739,143.9532,0.99,0.9848,0.0052
2,40.0,0.1,3.1,15.0,-0.4383,0.4383,169.4636,1.0,0.994,0.006
3,40.0,0.5,0.5,0.0,-228.6887,228.6887,0.0,0.0,0.0,0.0
3,40.0,0.5,0.5,0.5,-9.0431,9.0431,22.5689,0.45,0.4476,0.0024
3,40.0,0.5,0.5,1.0,-2.6963,2.6963,25.1742,0.48,0.4846,-0.0046
3,40.0,0.5,0.5,2.0,-0.2486,0.2486,26.201,0.49,0.4985,-0.0085
3,40.0,0.5,0.5,3.0,-0.0229,0.0229,26.2956,0.52,0.4998,0.0202
3,40.0,0.5,0.5,4.0,-0.0021,0.0021,26.3044,0.5,0.4999,0.0001
3,40.0,0.5,0.5,5.0,-0.0002,0.0002,26.3052,0.49,0.4999,-0.0099
3,40.0,0.5,0.5,15.0,-0.0,0.0,26.3053,0.5,0.4999,0.0001
4,40.0,1.0,0.5,0.0,-648.6314,648.6314,0.0,0.0,0.0,0.0
4,40.0,1.0,0.5,0.5,-0.0676,0.0676,25.9817,0.5,0.4956,0.0044
4,40.0,1.0,0.5,1.0,-0.0584,0.0584,26.0113,0.47,0.496,-0.026
4,40.0,1.0,0.5,2.0,-0.0584,0.0584,26.0698,0.51,0.4967,0.0133
4,40.0,1.0,0.5,3.0,-0.0584,0.0584,26.1282,0.47,0.4975,-0.0275
4,40.0,1.0,0.5,4.0,-0.0584,0.0584,26.1866,0.53,0.4983,0.0317
4,40.0,1.0,0.5,5.0,-0.0584,0.0584,26.245,0.51,0.4991,0.0109
4,40.0,1.0,0.5,15.0,-0.0584,0.0584,26.8291,0.5,0.5068,-0.0068
5,40.0,1.5,0.5,0.0,-648.4541,648.4541,0.0,0.0,0.0,0.0
5,40.0,1.5,0.5,0.5,-0.0239,0.0239,25.0883,0.49,0.4834,0.0066
5,40.0,1.5,0.5,1.0,-0.0168,0.0168,25.097,0.49,0.4835,0.0065
5,40.0,1.5,0.5,2.0,-0.0168,0.0168,25.1138,0.47,0.4837,-0.0137
5,40.0,1.5,0.5,3.0,-0.0168,0.0168,25.1306,0.49,0.484,0.006
5,40.0,1.5,0.5,4.0,-0.0168,0.0168,25.1473,0.49,0.4842,0.0058
5,40.0,1.5,0.5,5.0,-0.0168,0.0168,25.1641,0.47,0.4844,-0.0144
5,40.0,1.5,0.5,15.0,-0.0168,0.0168,25.3319,0.49,0.4867,0.0033
6,40.0,0.1,1.0,0.0,-1078.6281,1078.6281,0.0,0.0,0.0,0.0
6,40.0,0.1,1.0,0.5,-10.7161,10.7161,51.5456,0.75,0.7476,0.0024
6,40.0,0.1,1.0,1.0,-8.6077,8.6077,56.3557,0.78,0.779,0.001
6,40.0,0.1,1.0,2.0,-5.563,5.563,63.3306,0.8,0.8181,-0.0181
6,40.0,0.1,1.0,3.0,-3.5952,3.5952,67.8384,0.85,0.8397,0.0103
6,40.0,0.1,1.0,4.0,-2.3235,2.3235,70.7516,0.87,0.8524,0.0176
6,40.0,0.1,1.0,5.0,-1.5016,1.5016,72.6344,0.85,0.8601,-0.0101
6,40.0,0.1,1.0,15.0,-0.0191,0.0191,76.0307,0.87,0.873,-0.003
9,40.0,1.0,1.0,0.0,-650.2649,650.2649,0.0,0.0,0.0,0.0
9,40.0,1.0,1.0,0.5,-13.2125,13.2125,65.7241,0.83,0.8299,0.0001
9,40.0,1.0,1.0,1.0,-1.12,1.12,68.1081,0.84,0.8409,-0.0009
9,40.0,1.0,1.0,2.0,-0.0998,0.0998,68.4054,0.85,0.8423,0.0077
9,40.0,1.0,1.0,3.0,-0.0928,0.0928,68.4995,0.85,0.8427,0.0073
9,40.0,1.0,1.0,4.0,-0.0927,0.0927,68.5923,0.83,0.8431,-0.0131
9,40.0,1.0,1.0,5.0,-0.0927,0.0927,68.685,0.84,0.8435,-0.0035
9,40.0,1.0,1.0,15.0,-0.0927,0.0927,69.6124,0.85,0.8476,0.0024
10,40.0,1.5,1.0,0.0,-1227.6641,1227.6641,0.0,0.0,0.0,0.0
10,40.0,1.5,1.0,0.5,-0.2364,0.2364,66.5614,0.84,0.8339,0.0061
10,40.0,1.5,1.0,1.0,-0.1,0.1,66.619,0.83,0.8341,-0.0041
10,40.0,1.5,1.0,2.0,-0.1,0.1,66.719,0.83,0.8346,-0.0046
10,40.0,1.5,1.0,3.0,-0.1,0.1,66.819,0.83,0.8351,-0.0051
10,40.0,1.5,1.0,4.0,-0.1,0.1,66.919,0.83,0.8355,-0.0055
10,40.0,1.5,1.0,5.0,-0.1,0.1,67.019,0.84,0.836,0.004
10,40.0,1.5,1.0,15.0,-0.1,0.1,68.019,0.85,0.8405,0.0095
11,40.0,0.1,1.5,0.0,-1216.0786,1216.0786,0.0,0.0,0.0,0.0
11,40.0,0.1,1.5,0.5,-14.6308,14.6308,68.3784,0.86,0.8422,0.0178
11,40.0,0.1,1.5,1.0,-13.2018,13.2018,75.3187,0.85,0.8704,-0.0204
11,40.0,0.1,1.5,2.0,-10.8397,10.8397,87.3007,0.88,0.9084,-0.0284
11,40.0,0.1,1.5,3.0,-8.9003,8.9003,97.1388,0.97,0.9316,0.0384
11,40.0,0.1,1.5,4.0,-7.3078,7.3078,105.2167,0.94,0.9464,-0.0064
11,40.0,0.1,1.5,5.0,-6.0003,6.0003,111.8493,0.96,0.9563,0.0037
11,40.0,0.1,1.5,15.0,-0.8357,0.8357,138.0479,0.98,0.9813,-0.0013
12,40.0,1.0,3.1,0.0,-290.9088,290.9088,0.0,0.0,0.0,0.0
12,40.0,1.0,3.1,0.5,-177.5827,177.5827,114.7353,0.96,0.9601,-0.0001
12,40.0,1.0,3.1,1.0,-109.1202,109.1202,184.991,1.0,0.9969,0.0031
12,40.0,1.0,3.1,2.0,-41.9001,41.9001,255.1011,1.0,1.0,0.0
12,40.0,1.0,3.1,3.0,-16.3784,16.3784,282.237,0.99,1.0,-0.01
12,40.0,1.0,3.1,4.0,-6.4867,6.4867,292.907,0.99,1.0,-0.01
12,40.0,1.0,3.1,5.0,-2.5934,2.5934,297.1509,0.99,1.0,-0.01
12,40.0,1.0,3.1,15.0,-0.0006,0.0006,300.0091,1.0,1.0,0.0
13,40.0,0.5,1.5,0.0,-480.5127,480.5127,0.0,0.0,0.0,0.0
13,40.0,0.5,1.5,0.5,-50.3395,50.3395,87.7715,0.92,0.9097,0.0103
13,40.0,0.5,1.5,1.0,-14.1095,14.1095,101.2622,0.92,0.9396,-0.0196
13,40.0,0.5,1.5,2.0,-2.2815,2.2815,107.6152,0.95,0.9502,-0.0002
13,40.0,0.5,1.5,3.0,-0.4592,0.4592,108.7252,0.95,0.9519,-0.0019
13,40.0,0.5,1.5,4.0,-0.1592,0.1592,108.9915,0.95,0.9523,-0.0023
13,40.0,0.5,1.5,5.0,-0.1098,0.1098,109.119,0.95,0.9525,-0.0025
13,40.0,0.5,1.5,15.0,-0.1,0.1,110.1244,0.97,0.9539,0.0161
15,40.0,1.5,1.5,0.0,-480.5529,480.5529,0.0,0.0,0.0,0.0
15,40.0,1.5,1.5,0.5,-51.8068,51.8068,87.3469,0.91,0.9085,0.0015
15,40.0,1.5,1.5,1.0,-16.4673,16.4673,101.9608,0.94,0.9408,-0.0008
15,40.0,1.5,1.5,2.0,-3.1739,3.1739,109.9084,0.95,0.9536,-0.0036
15,40.0,1.5,1.5,3.0,-0.7009,0.7009,111.5234,0.94,0.9559,-0.0159
15,40.0,1.5,1.5,4.0,-0.2175,0.2175,111.9196,0.96,0.9564,0.0036
15,40.0,1.5,1.5,5.0,-0.123,0.123,112.0775,0.96,0.9566,0.0034
15,40.0,1.5,1.5,15.0,-0.1,0.1,113.0916,0.97,0.958,0.012
16,40.0,1.5,3.1,0.0,-812.3901,812.3901,0.0,0.0,0.0,0.0
16,40.0,1.5,3.1,0.5,-58.4386,58.4386,133.9708,0.98,0.9786,0.0014
16,40.0,1.5,3.1,1.0,-7.5651,7.5651,146.1099,0.98,0.9859,-0.0059
16,40.0,1.5,3.1,2.0,-0.2649,0.2649,148.1103,0.96,0.9868,-0.0268
16,40.0,1.5,3.1,3.0,-0.1037,0.1037,148.2529,0.99,0.9869,0.0031
16,40.0,1.5,3.1,4.0,-0.1001,0.1001,148.3539,0.99,0.9869,0.0031
16,40.0,1.5,3.1,5.0,-0.1,0.1,148.4539,1.0,0.987,0.013
16,40.0,1.5,3.1,15.0,-0.1,0.1,149.4539,1.0,0.9874,0.0126
