ensaio,particao,temperatura_C,CA0_mol_L,razao_molar_eta,amostras_densas,amostras_pontuais,R2_otim_inversa,RMSE_otim_inversa,v0_um_min,v_final_um_min,delta_final_um
7,Teste Cego,40.0,0.5,3.1,61,8,0.99973,0.00533,-584.62,-0.3783,214.31
8,Teste Cego,40.0,0.5,1.0,61,8,0.99817,0.01206,-480.09,-0.1,73.21
14,Teste Cego,40.0,1.0,1.5,61,8,0.9991,0.00948,-424.34,-0.1,119.82
1,Treino,40.0,0.1,0.5,61,8,0.99665,0.00923,-204.79,-0.0002,26.42
2,Treino,40.0,0.1,3.1,61,8,0.99981,0.00433,-248.21,-0.4383,169.46
3,Treino,40.0,0.5,0.5,61,8,0.99715,0.00871,-228.69,-0.0,26.31
4,Treino,40.0,1.0,0.5,61,8,0.98731,0.0187,-648.63,-0.0584,26.83
5,Treino,40.0,1.5,0.5,61,8,0.99726,0.00839,-648.45,-0.0168,25.33
6,Treino,40.0,0.1,1.0,61,8,0.99859,0.01036,-1078.63,-0.0191,76.03
9,Treino,40.0,1.0,1.0,61,8,0.99951,0.00616,-650.26,-0.0927,69.61
10,Treino,40.0,1.5,1.0,61,8,0.99961,0.00545,-1227.66,-0.1,68.02
11,Treino,40.0,0.1,1.5,61,8,0.99595,0.01961,-1216.08,-0.8357,138.05
12,Treino,40.0,1.0,3.1,61,8,0.99964,0.00622,-290.91,-0.0006,300.01
13,Treino,40.0,0.5,1.5,61,8,0.99902,0.00976,-480.51,-0.1,110.12
15,Treino,40.0,1.5,1.5,61,8,0.99945,0.00739,-480.55,-0.1,113.09
16,Treino,40.0,1.5,3.1,61,8,0.99871,0.01174,-812.39,-0.1,149.45
